Team,Position,Name,Opponent,Win/Loss,Date,MP,FG,FGA,FG%,3P,3PA,3P%,FT,FTA,FT%,ORB,DRB,TRB,AST,STL,BLK,TOV,PF,PTS,+/-
New Orleans Hornets,F,Al-Farouq Aminu,San Antonio Spurs,L,10/31/2012,37:06,8,16,0.5,0,1,0.0,1,2,0.5,0,7,7,3,2,3,3,2,17,-17
New Orleans Hornets,F,Anthony Davis,San Antonio Spurs,L,10/31/2012,29:04,6,12,0.5,0,0,0.0,9,9,1.0,3,4,7,0,1,1,0,0,21,-20
New Orleans Hornets,C,Robin Lopez,San Antonio Spurs,L,10/31/2012,25:32,4,10,0.4,0,0,0.0,0,0,0.0,3,6,9,3,0,1,2,2,8,-15
New Orleans Hornets,G,Austin Rivers,San Antonio Spurs,L,10/31/2012,24:06,1,9,0.111,0,2,0.0,5,6,0.833,0,1,1,2,0,0,3,3,7,-2
New Orleans Hornets,G,Greivis Vasquez,San Antonio Spurs,L,10/31/2012,37:28,4,8,0.5,0,3,0.0,0,0,0.0,0,6,6,13,1,0,2,3,8,-5
New Orleans Hornets,F,Al-Farouq Aminu,Utah Jazz,W,11/02/2012,34:14,7,10,0.7,0,0,0.0,1,2,0.5,2,6,8,2,2,0,2,2,15,14
New Orleans Hornets,F,Anthony Davis,Utah Jazz,W,11/02/2012,14:25,4,6,0.667,0,0,0.0,0,0,0.0,2,4,6,0,1,2,1,0,8,6
New Orleans Hornets,C,Robin Lopez,Utah Jazz,W,11/02/2012,35:53,9,16,0.563,0,0,0.0,1,1,1.0,3,4,7,0,0,1,1,3,19,4
New Orleans Hornets,G,Austin Rivers,Utah Jazz,W,11/02/2012,28:41,0,4,0.0,0,0,0.0,2,2,1.0,0,2,2,6,2,0,2,2,2,8
New Orleans Hornets,G,Greivis Vasquez,Utah Jazz,W,11/02/2012,36:34,5,13,0.385,0,1,0.0,3,6,0.5,0,4,4,10,0,1,3,0,13,12
New Orleans Hornets,F,Al-Farouq Aminu,Chicago Bulls,W,11/03/2012,26:55,4,6,0.667,0,0,0.0,0,0,0.0,2,4,6,1,2,2,3,4,8,6
New Orleans Hornets,F,Ryan Anderson,Chicago Bulls,W,11/03/2012,42:10,5,13,0.385,1,7,0.143,1,1,1.0,3,10,13,1,0,0,3,4,12,8
New Orleans Hornets,C,Robin Lopez,Chicago Bulls,W,11/03/2012,32:45,7,10,0.7,0,0,0.0,2,4,0.5,1,6,7,0,1,4,3,0,16,11
New Orleans Hornets,G,Austin Rivers,Chicago Bulls,W,11/03/2012,33:50,4,12,0.333,0,2,0.0,1,2,0.5,0,3,3,2,3,1,2,3,9,9
New Orleans Hornets,G,Greivis Vasquez,Chicago Bulls,W,11/03/2012,35:46,6,18,0.333,2,4,0.5,4,4,1.0,1,3,4,6,0,0,4,2,18,9
New Orleans Hornets,F,Al-Farouq Aminu,Philadelphia 76ers,L,11/07/2012,39:57,3,11,0.273,0,2,0.0,4,6,0.667,4,12,16,3,2,0,4,3,10,-14
New Orleans Hornets,F,Ryan Anderson,Philadelphia 76ers,L,11/07/2012,33:51,3,10,0.3,1,6,0.167,2,2,1.0,2,8,10,2,1,0,2,2,9,-11
New Orleans Hornets,C,Robin Lopez,Philadelphia 76ers,L,11/07/2012,31:36,3,7,0.429,0,0,0.0,0,0,0.0,1,3,4,1,2,4,0,1,6,-12
New Orleans Hornets,G,Darius Miller,Philadelphia 76ers,L,11/07/2012,21:57,2,4,0.5,1,3,0.333,0,0,0.0,0,1,1,0,2,0,2,0,5,-5
New Orleans Hornets,G,Greivis Vasquez,Philadelphia 76ers,L,11/07/2012,32:39,3,13,0.231,1,4,0.25,0,0,0.0,0,3,3,7,0,0,5,1,7,-15
New Orleans Hornets,F,Al-Farouq Aminu,Charlotte Bobcats,W,11/09/2012,28:46,6,9,0.667,0,0,0.0,2,3,0.667,2,4,6,3,2,1,2,5,14,4
New Orleans Hornets,F,Anthony Davis,Charlotte Bobcats,W,11/09/2012,36:30,9,18,0.5,0,1,0.0,5,9,0.556,4,7,11,2,2,5,1,2,23,5
New Orleans Hornets,C,Robin Lopez,Charlotte Bobcats,W,11/09/2012,26:05,3,4,0.75,0,0,0.0,0,0,0.0,0,7,7,1,0,1,0,1,6,10
New Orleans Hornets,G,Austin Rivers,Charlotte Bobcats,W,11/09/2012,30:03,2,7,0.286,0,2,0.0,0,0,0.0,1,1,2,4,0,0,2,2,4,0
New Orleans Hornets,G,Greivis Vasquez,Charlotte Bobcats,W,11/09/2012,25:18,1,10,0.1,0,3,0.0,2,4,0.5,0,3,3,8,1,0,1,1,4,9
New Orleans Hornets,F,Al-Farouq Aminu,Houston Rockets,L,11/14/2012,30:08,6,15,0.4,0,2,0.0,2,2,1.0,1,6,7,2,2,2,1,2,14,2
New Orleans Hornets,F,Anthony Davis,Houston Rockets,L,11/14/2012,29:03,2,7,0.286,0,0,0.0,4,4,1.0,2,2,4,1,2,3,1,4,8,7
New Orleans Hornets,C,Robin Lopez,Houston Rockets,L,11/14/2012,21:25,2,5,0.4,0,0,0.0,1,2,0.5,0,1,1,1,1,1,1,3,5,9
New Orleans Hornets,G,Greivis Vasquez,Houston Rockets,L,11/14/2012,33:30,8,15,0.533,3,4,0.75,5,5,1.0,0,5,5,9,0,0,2,2,24,2
New Orleans Hornets,G,Austin Rivers,Houston Rockets,L,11/14/2012,35:48,3,8,0.375,2,4,0.5,2,2,1.0,0,3,3,2,1,0,3,1,10,-5
New Orleans Hornets,F,Al-Farouq Aminu,Oklahoma City Thunder,L,11/16/2012,23:52,3,7,0.429,0,0,0.0,3,4,0.75,1,6,7,2,1,0,2,2,9,-4
New Orleans Hornets,F,Anthony Davis,Oklahoma City Thunder,L,11/16/2012,29:08,4,14,0.286,0,1,0.0,0,0,0.0,5,6,11,1,0,2,2,1,8,-19
New Orleans Hornets,C,Robin Lopez,Oklahoma City Thunder,L,11/16/2012,28:42,3,8,0.375,0,0,0.0,6,7,0.857,2,0,2,0,0,1,1,1,12,-2
New Orleans Hornets,G,Austin Rivers,Oklahoma City Thunder,L,11/16/2012,24:51,4,8,0.5,1,2,0.5,0,0,0.0,1,1,2,1,1,0,0,2,9,-19
New Orleans Hornets,G,Greivis Vasquez,Oklahoma City Thunder,L,11/16/2012,25:32,2,6,0.333,0,2,0.0,3,4,0.75,0,2,2,7,1,0,3,4,7,-22
New Orleans Hornets,F,Al-Farouq Aminu,Milwaukee Bucks,L,11/17/2012,31:27,4,7,0.571,1,1,1.0,0,0,0.0,1,7,8,4,1,1,4,4,9,4
New Orleans Hornets,F,Anthony Davis,Milwaukee Bucks,L,11/17/2012,31:34,10,13,0.769,0,0,0.0,8,9,0.889,4,7,11,1,0,0,4,4,28,-17
New Orleans Hornets,C,Robin Lopez,Milwaukee Bucks,L,11/17/2012,19:04,4,4,1.0,0,0,0.0,0,0,0.0,1,2,3,3,0,1,0,1,8,-3
New Orleans Hornets,G,Austin Rivers,Milwaukee Bucks,L,11/17/2012,22:20,0,2,0.0,0,1,0.0,6,6,1.0,0,0,0,2,1,0,2,0,6,-11
New Orleans Hornets,G,Greivis Vasquez,Milwaukee Bucks,L,11/17/2012,30:09,5,16,0.313,2,4,0.5,1,1,1.0,0,2,2,11,0,0,3,5,13,1
New Orleans Hornets,F,Al-Farouq Aminu,New York Knicks,L,11/20/2012,24:28,0,4,0.0,0,0,0.0,0,0,0.0,0,6,6,1,1,0,2,2,0,-9
New Orleans Hornets,F,Ryan Anderson,New York Knicks,L,11/20/2012,30:39,6,14,0.429,3,8,0.375,0,0,0.0,0,8,8,1,0,0,0,5,15,-17
New Orleans Hornets,C,Robin Lopez,New York Knicks,L,11/20/2012,16:36,5,7,0.714,0,0,0.0,1,3,0.333,4,1,5,0,0,1,5,5,11,-10
New Orleans Hornets,G,Austin Rivers,New York Knicks,L,11/20/2012,36:00,5,10,0.5,2,3,0.667,2,7,0.286,0,1,1,4,0,1,0,1,14,-11
New Orleans Hornets,G,Greivis Vasquez,New York Knicks,L,11/20/2012,30:25,4,9,0.444,0,0,0.0,2,2,1.0,0,2,2,6,0,0,1,1,10,-21
New Orleans Hornets,F,Al-Farouq Aminu,Indiana Pacers,L,11/21/2012,45:57,6,9,0.667,0,1,0.0,2,3,0.667,3,7,10,2,1,0,3,2,14,-5
New Orleans Hornets,F,Ryan Anderson,Indiana Pacers,L,11/21/2012,41:06,6,11,0.545,5,5,1.0,0,0,0.0,1,6,7,2,0,2,0,6,17,-4
New Orleans Hornets,C,Robin Lopez,Indiana Pacers,L,11/21/2012,33:27,3,17,0.176,0,0,0.0,15,17,0.882,7,6,13,1,2,4,2,3,21,-17
New Orleans Hornets,G,Greivis Vasquez,Indiana Pacers,L,11/21/2012,41:28,7,15,0.467,0,2,0.0,0,0,0.0,1,4,5,8,0,0,3,4,14,-11
New Orleans Hornets,G,Austin Rivers,Indiana Pacers,L,11/21/2012,32:04,3,9,0.333,0,0,0.0,0,0,0.0,0,4,4,4,0,0,1,1,6,-7
New Orleans Hornets,F,Al-Farouq Aminu,Phoenix Suns,L,11/23/2012,41:37,6,7,0.857,0,0,0.0,4,4,1.0,1,5,6,5,2,1,4,1,16,14
New Orleans Hornets,F,Ryan Anderson,Phoenix Suns,L,11/23/2012,47:06,13,23,0.565,8,13,0.615,0,0,0.0,2,9,11,1,2,1,2,2,34,-1
New Orleans Hornets,C,Robin Lopez,Phoenix Suns,L,11/23/2012,41:29,4,9,0.444,0,0,0.0,0,0,0.0,0,7,7,3,0,4,2,3,8,-4
New Orleans Hornets,G,Roger Mason Jr.,Phoenix Suns,L,11/23/2012,37:06,3,12,0.25,3,8,0.375,0,0,0.0,0,7,7,2,1,0,0,5,9,17
New Orleans Hornets,G,Greivis Vasquez,Phoenix Suns,L,11/23/2012,43:11,10,13,0.769,1,3,0.333,4,5,0.8,1,4,5,14,1,0,6,5,25,7
New Orleans Hornets,F,Al-Farouq Aminu,Denver Nuggets,L,11/25/2012,15:03,1,4,0.25,0,0,0.0,0,0,0.0,0,2,2,0,0,0,2,2,2,-21
New Orleans Hornets,F,Ryan Anderson,Denver Nuggets,L,11/25/2012,31:03,6,13,0.462,3,6,0.5,1,2,0.5,2,2,4,1,0,0,0,1,16,-21
New Orleans Hornets,C,Robin Lopez,Denver Nuggets,L,11/25/2012,26:10,6,12,0.5,0,0,0.0,2,4,0.5,4,1,5,1,2,4,0,0,14,-16
New Orleans Hornets,G,Roger Mason Jr.,Denver Nuggets,L,11/25/2012,14:32,1,4,0.25,1,2,0.5,0,0,0.0,1,0,1,0,1,0,1,2,3,-18
New Orleans Hornets,G,Greivis Vasquez,Denver Nuggets,L,11/25/2012,24:44,3,8,0.375,0,0,0.0,0,0,0.0,2,3,5,6,1,0,6,0,6,-24
New Orleans Hornets,F,Al-Farouq Aminu,Los Angeles Clippers,W,11/26/2012,35:16,4,10,0.4,0,0,0.0,2,3,0.667,3,5,8,1,4,0,2,2,10,-8
New Orleans Hornets,F,Ryan Anderson,Los Angeles Clippers,W,11/26/2012,34:38,6,14,0.429,5,9,0.556,0,0,0.0,2,6,8,1,0,1,1,2,17,-10
New Orleans Hornets,C,Robin Lopez,Los Angeles Clippers,W,11/26/2012,21:22,2,6,0.333,0,0,0.0,0,0,0.0,0,2,2,0,0,1,0,2,4,-1
New Orleans Hornets,G,Roger Mason Jr.,Los Angeles Clippers,W,11/26/2012,22:12,1,3,0.333,1,3,0.333,2,2,1.0,0,3,3,1,0,0,0,1,5,-4
New Orleans Hornets,G,Greivis Vasquez,Los Angeles Clippers,W,11/26/2012,37:02,8,13,0.615,5,8,0.625,4,4,1.0,0,6,6,10,0,0,8,3,25,-3
New Orleans Hornets,F,Al-Farouq Aminu,Utah Jazz,L,11/28/2012,29:47,3,8,0.375,0,0,0.0,0,0,0.0,4,2,6,1,3,0,6,1,6,-5
New Orleans Hornets,F,Ryan Anderson,Utah Jazz,L,11/28/2012,29:36,2,8,0.25,1,6,0.167,2,2,1.0,0,8,8,2,1,0,1,4,7,-10
New Orleans Hornets,C,Robin Lopez,Utah Jazz,L,11/28/2012,29:11,7,9,0.778,0,0,0.0,4,6,0.667,3,4,7,0,0,0,3,2,18,-6
New Orleans Hornets,G,Roger Mason Jr.,Utah Jazz,L,11/28/2012,19:30,3,7,0.429,1,4,0.25,0,0,0.0,0,0,0,2,0,0,0,1,7,5
New Orleans Hornets,G,Greivis Vasquez,Utah Jazz,L,11/28/2012,34:25,7,15,0.467,1,4,0.25,3,4,0.75,1,2,3,8,0,0,1,5,18,-8
New Orleans Hornets,F,Al-Farouq Aminu,Oklahoma City Thunder,L,12/01/2012,23:57,4,12,0.333,0,0,0.0,0,0,0.0,2,4,6,0,0,0,0,1,8,-5
New Orleans Hornets,F,Ryan Anderson,Oklahoma City Thunder,L,12/01/2012,33:56,6,17,0.353,3,11,0.273,6,8,0.75,5,5,10,2,1,0,3,0,21,-6
New Orleans Hornets,C,Robin Lopez,Oklahoma City Thunder,L,12/01/2012,27:49,6,9,0.667,0,0,0.0,0,0,0.0,4,2,6,1,2,1,2,2,12,-9
New Orleans Hornets,G,Roger Mason Jr.,Oklahoma City Thunder,L,12/01/2012,26:15,4,7,0.571,2,4,0.5,1,1,1.0,0,3,3,1,1,1,1,0,11,-9
New Orleans Hornets,G,Greivis Vasquez,Oklahoma City Thunder,L,12/01/2012,29:10,2,8,0.25,1,2,0.5,0,0,0.0,1,1,2,7,0,0,3,2,5,2
New Orleans Hornets,F,Al-Farouq Aminu,Milwaukee Bucks,W,12/03/2012,27:38,4,7,0.571,1,1,1.0,0,0,0.0,2,4,6,2,1,0,1,3,9,4
New Orleans Hornets,F,Ryan Anderson,Milwaukee Bucks,W,12/03/2012,33:04,9,14,0.643,2,6,0.333,2,2,1.0,2,5,7,1,0,0,1,3,22,9
New Orleans Hornets,C,Robin Lopez,Milwaukee Bucks,W,12/03/2012,23:06,8,10,0.8,0,0,0.0,5,5,1.0,4,0,4,2,2,1,0,2,21,1
New Orleans Hornets,G,Roger Mason Jr.,Milwaukee Bucks,W,12/03/2012,26:18,2,6,0.333,1,3,0.333,0,0,0.0,0,4,4,4,1,0,1,2,5,9
New Orleans Hornets,G,Greivis Vasquez,Milwaukee Bucks,W,12/03/2012,27:03,5,9,0.556,1,1,1.0,0,0,0.0,0,2,2,9,1,0,4,2,11,6
New Orleans Hornets,F,Al-Farouq Aminu,Los Angeles Lakers,L,12/05/2012,34:10,3,6,0.5,0,0,0.0,0,3,0.0,3,7,10,2,0,0,1,2,6,-13
New Orleans Hornets,F,Ryan Anderson,Los Angeles Lakers,L,12/05/2012,35:07,12,21,0.571,5,8,0.625,2,2,1.0,5,4,9,1,0,1,0,3,31,-4
New Orleans Hornets,C,Robin Lopez,Los Angeles Lakers,L,12/05/2012,26:17,7,9,0.778,0,0,0.0,1,2,0.5,2,2,4,1,0,5,1,5,15,-7
New Orleans Hornets,G,Roger Mason Jr.,Los Angeles Lakers,L,12/05/2012,23:32,1,6,0.167,0,3,0.0,1,1,1.0,0,3,3,1,0,1,2,3,3,-7
New Orleans Hornets,G,Greivis Vasquez,Los Angeles Lakers,L,12/05/2012,36:54,7,19,0.368,1,5,0.2,1,2,0.5,0,5,5,9,0,0,4,0,16,-9
New Orleans Hornets,F,Xavier Henry,Memphis Grizzlies,L,12/07/2012,20:45,4,6,0.667,1,1,1.0,3,4,0.75,0,3,3,0,1,0,0,3,12,-2
New Orleans Hornets,F,Ryan Anderson,Memphis Grizzlies,L,12/07/2012,33:41,5,13,0.385,3,7,0.429,2,2,1.0,2,0,2,0,0,0,0,1,15,-15
New Orleans Hornets,C,Robin Lopez,Memphis Grizzlies,L,12/07/2012,20:03,1,6,0.167,0,0,0.0,0,0,0.0,0,3,3,0,1,1,4,2,2,-8
New Orleans Hornets,G,Roger Mason Jr.,Memphis Grizzlies,L,12/07/2012,18:13,3,4,0.75,2,3,0.667,0,0,0.0,0,2,2,2,1,0,1,1,8,-3
New Orleans Hornets,G,Greivis Vasquez,Memphis Grizzlies,L,12/07/2012,22:30,2,6,0.333,0,0,0.0,0,0,0.0,1,2,3,8,2,1,4,0,4,-17
New Orleans Hornets,F,Xavier Henry,Miami Heat,L,12/08/2012,21:06,2,2,1.0,0,0,0.0,1,1,1.0,0,2,2,1,0,0,0,2,5,-6
New Orleans Hornets,F,Ryan Anderson,Miami Heat,L,12/08/2012,29:37,10,19,0.526,4,6,0.667,0,0,0.0,2,3,5,1,0,0,2,4,24,6
New Orleans Hornets,C,Robin Lopez,Miami Heat,L,12/08/2012,30:12,7,10,0.7,0,0,0.0,6,6,1.0,3,5,8,0,0,1,0,2,20,0
New Orleans Hornets,G,Roger Mason Jr.,Miami Heat,L,12/08/2012,15:21,2,5,0.4,1,3,0.333,1,1,1.0,0,1,1,0,0,0,3,2,6,1
New Orleans Hornets,G,Greivis Vasquez,Miami Heat,L,12/08/2012,31:10,2,6,0.333,1,1,1.0,3,4,0.75,0,3,3,7,1,0,4,3,8,-5
New Orleans Hornets,F,Al-Farouq Aminu,Washington Wizards,L,12/11/2012,26:35,2,8,0.25,0,0,0.0,2,2,1.0,0,6,6,1,1,0,1,3,6,0
New Orleans Hornets,F,Ryan Anderson,Washington Wizards,L,12/11/2012,37:45,7,21,0.333,3,12,0.25,0,0,0.0,4,7,11,0,1,0,1,3,17,-4
New Orleans Hornets,C,Robin Lopez,Washington Wizards,L,12/11/2012,22:26,1,3,0.333,0,0,0.0,0,0,0.0,5,5,10,1,0,5,4,1,2,2
New Orleans Hornets,G,Austin Rivers,Washington Wizards,L,12/11/2012,33:36,5,8,0.625,0,1,0.0,1,4,0.25,0,5,5,3,0,0,0,1,11,-9
New Orleans Hornets,G,Greivis Vasquez,Washington Wizards,L,12/11/2012,30:26,2,14,0.143,0,1,0.0,1,2,0.5,1,7,8,5,1,0,0,4,5,-2
New Orleans Hornets,F,Al-Farouq Aminu,Oklahoma City Thunder,L,12/12/2012,21:32,2,5,0.4,0,0,0.0,4,4,1.0,1,5,6,0,1,0,2,4,8,8
New Orleans Hornets,F,Ryan Anderson,Oklahoma City Thunder,L,12/12/2012,31:48,6,14,0.429,2,7,0.286,0,0,0.0,2,5,7,5,1,1,1,3,14,10
New Orleans Hornets,C,Robin Lopez,Oklahoma City Thunder,L,12/12/2012,19:51,3,8,0.375,0,0,0.0,0,0,0.0,4,4,8,1,0,4,0,0,6,9
New Orleans Hornets,G,Austin Rivers,Oklahoma City Thunder,L,12/12/2012,38:00,4,14,0.286,2,5,0.4,2,2,1.0,0,2,2,4,1,0,1,3,12,6
New Orleans Hornets,G,Greivis Vasquez,Oklahoma City Thunder,L,12/12/2012,31:41,4,9,0.444,1,4,0.25,0,0,0.0,0,4,4,5,1,0,1,5,9,1
New Orleans Hornets,F,Al-Farouq Aminu,Minnesota Timberwolves,L,12/14/2012,24:35,3,5,0.6,0,0,0.0,0,0,0.0,2,6,8,1,1,1,1,1,6,3
New Orleans Hornets,F,Ryan Anderson,Minnesota Timberwolves,L,12/14/2012,39:22,8,17,0.471,4,11,0.364,0,0,0.0,3,4,7,1,2,0,1,4,20,-13
New Orleans Hornets,C,Robin Lopez,Minnesota Timberwolves,L,12/14/2012,25:29,5,10,0.5,0,0,0.0,0,0,0.0,1,0,1,0,0,1,1,2,10,-14
New Orleans Hornets,G,Austin Rivers,Minnesota Timberwolves,L,12/14/2012,37:32,9,14,0.643,5,6,0.833,4,4,1.0,0,0,0,3,0,0,2,2,27,-8
New Orleans Hornets,G,Greivis Vasquez,Minnesota Timberwolves,L,12/14/2012,42:45,7,14,0.5,1,4,0.25,0,0,0.0,0,5,5,16,0,1,4,3,15,-12
New Orleans Hornets,F,Al-Farouq Aminu,Portland Trail Blazers,L,12/16/2012,8:07,0,1,0.0,0,0,0.0,0,0,0.0,2,3,5,1,0,0,0,0,0,-2
New Orleans Hornets,F,Ryan Anderson,Portland Trail Blazers,L,12/16/2012,33:41,9,16,0.563,7,10,0.7,1,2,0.5,5,1,6,2,2,0,1,3,26,-6
New Orleans Hornets,C,Robin Lopez,Portland Trail Blazers,L,12/16/2012,20:00,4,8,0.5,0,0,0.0,0,0,0.0,1,2,3,1,0,0,1,2,8,-5
New Orleans Hornets,G,Austin Rivers,Portland Trail Blazers,L,12/16/2012,33:13,3,8,0.375,1,1,1.0,1,2,0.5,0,1,1,2,0,0,1,3,8,-4
New Orleans Hornets,G,Greivis Vasquez,Portland Trail Blazers,L,12/16/2012,45:49,9,20,0.45,2,7,0.286,3,3,1.0,1,7,8,11,0,0,6,2,23,-4
New Orleans Hornets,F,Lance Thomas,Golden State Warriors,L,12/18/2012,20:21,2,2,1.0,0,0,0.0,0,0,0.0,0,3,3,0,0,0,1,3,4,-4
New Orleans Hornets,F,Anthony Davis,Golden State Warriors,L,12/18/2012,38:58,4,7,0.571,0,0,0.0,7,7,1.0,5,11,16,1,4,1,3,4,15,-8
New Orleans Hornets,C,Robin Lopez,Golden State Warriors,L,12/18/2012,14:42,3,5,0.6,0,0,0.0,0,0,0.0,0,1,1,0,1,0,1,4,6,-3
New Orleans Hornets,G,Austin Rivers,Golden State Warriors,L,12/18/2012,31:22,6,11,0.545,0,3,0.0,0,0,0.0,0,2,2,4,0,0,3,4,12,-4
New Orleans Hornets,G,Greivis Vasquez,Golden State Warriors,L,12/18/2012,34:21,8,13,0.615,4,5,0.8,0,0,0.0,0,5,5,11,3,0,4,1,20,-3
New Orleans Hornets,F,Lance Thomas,Los Angeles Clippers,L,12/19/2012,22:10,1,1,1.0,0,0,0.0,1,2,0.5,2,4,6,0,0,0,0,2,3,-12
New Orleans Hornets,F,Anthony Davis,Los Angeles Clippers,L,12/19/2012,41:50,7,15,0.467,0,1,0.0,2,3,0.667,3,2,5,0,0,1,1,2,16,-10
New Orleans Hornets,C,Robin Lopez,Los Angeles Clippers,L,12/19/2012,27:35,10,16,0.625,0,0,0.0,2,2,1.0,6,3,9,1,0,2,2,4,22,-3
New Orleans Hornets,G,Austin Rivers,Los Angeles Clippers,L,12/19/2012,21:21,1,4,0.25,0,1,0.0,1,4,0.25,0,0,0,0,0,0,3,2,3,-13
New Orleans Hornets,G,Greivis Vasquez,Los Angeles Clippers,L,12/19/2012,30:54,1,7,0.143,1,3,0.333,2,2,1.0,0,5,5,10,0,0,6,1,5,-17
New Orleans Hornets,F,Lance Thomas,San Antonio Spurs,L,12/21/2012,15:29,1,3,0.333,0,0,0.0,0,0,0.0,0,1,1,0,0,0,0,0,2,-6
New Orleans Hornets,F,Anthony Davis,San Antonio Spurs,L,12/21/2012,37:58,8,13,0.615,0,0,0.0,2,2,1.0,4,7,11,0,1,1,2,4,18,-6
New Orleans Hornets,C,Robin Lopez,San Antonio Spurs,L,12/21/2012,25:31,5,7,0.714,0,0,0.0,0,0,0.0,2,4,6,1,1,1,1,0,10,-5
New Orleans Hornets,G,Greivis Vasquez,San Antonio Spurs,L,12/21/2012,30:36,7,15,0.467,0,1,0.0,0,0,0.0,0,3,3,4,0,0,1,1,14,-2
New Orleans Hornets,G,Austin Rivers,San Antonio Spurs,L,12/21/2012,26:58,2,8,0.25,0,1,0.0,3,4,0.75,1,4,5,2,0,0,1,2,7,-6
New Orleans Hornets,F,Lance Thomas,Indiana Pacers,L,12/22/2012,22:18,1,2,0.5,0,0,0.0,0,0,0.0,1,0,1,0,1,0,1,2,2,-3
New Orleans Hornets,F,Anthony Davis,Indiana Pacers,L,12/22/2012,33:50,5,14,0.357,0,0,0.0,0,0,0.0,4,5,9,1,0,1,0,2,10,-17
New Orleans Hornets,C,Robin Lopez,Indiana Pacers,L,12/22/2012,37:58,11,16,0.688,0,0,0.0,2,2,1.0,4,7,11,1,2,6,0,4,24,6
New Orleans Hornets,G,Austin Rivers,Indiana Pacers,L,12/22/2012,29:23,3,12,0.25,0,0,0.0,1,2,0.5,2,5,7,1,0,0,1,2,7,-11
New Orleans Hornets,G,Greivis Vasquez,Indiana Pacers,L,12/22/2012,35:37,6,17,0.353,1,4,0.25,1,1,1.0,1,3,4,8,1,0,2,4,14,-18
New Orleans Hornets,F,Lance Thomas,Orlando Magic,W,12/26/2012,22:14,0,2,0.0,0,0,0.0,0,0,0.0,0,2,2,1,0,0,0,3,0,3
New Orleans Hornets,F,Anthony Davis,Orlando Magic,W,12/26/2012,33:25,6,14,0.429,0,0,0.0,0,0,0.0,3,8,11,2,2,2,0,2,12,7
New Orleans Hornets,C,Robin Lopez,Orlando Magic,W,12/26/2012,32:54,9,10,0.9,0,0,0.0,11,12,0.917,1,2,3,0,0,3,1,1,29,5
New Orleans Hornets,G,Austin Rivers,Orlando Magic,W,12/26/2012,27:38,2,7,0.286,0,1,0.0,0,0,0.0,0,3,3,3,1,0,0,1,4,16
New Orleans Hornets,G,Greivis Vasquez,Orlando Magic,W,12/26/2012,41:27,12,21,0.571,1,4,0.25,2,2,1.0,1,5,6,8,1,0,4,3,27,4
New Orleans Hornets,F,Lance Thomas,Toronto Raptors,L,12/28/2012,27:32,0,0,0.0,0,0,0.0,1,2,0.5,0,4,4,1,0,1,0,5,1,-2
New Orleans Hornets,F,Anthony Davis,Toronto Raptors,L,12/28/2012,34:46,11,20,0.55,0,0,0.0,3,3,1.0,1,8,9,0,1,3,2,4,25,6
New Orleans Hornets,C,Robin Lopez,Toronto Raptors,L,12/28/2012,27:56,3,8,0.375,0,0,0.0,3,5,0.6,3,5,8,1,0,0,2,1,9,5
New Orleans Hornets,G,Austin Rivers,Toronto Raptors,L,12/28/2012,41:11,5,12,0.417,1,2,0.5,0,2,0.0,0,3,3,1,1,1,3,1,11,13
New Orleans Hornets,G,Greivis Vasquez,Toronto Raptors,L,12/28/2012,41:36,7,15,0.467,0,1,0.0,6,6,1.0,1,8,9,14,0,0,6,1,20,8
New Orleans Hornets,F,Lance Thomas,Charlotte Bobcats,W,12/29/2012,12:49,1,4,0.25,0,0,0.0,0,0,0.0,0,0,0,1,0,1,0,2,2,10
New Orleans Hornets,F,Anthony Davis,Charlotte Bobcats,W,12/29/2012,37:23,4,11,0.364,0,1,0.0,0,2,0.0,4,6,10,0,0,3,3,1,8,-4
New Orleans Hornets,C,Robin Lopez,Charlotte Bobcats,W,12/29/2012,26:08,4,7,0.571,0,0,0.0,0,0,0.0,4,3,7,1,0,4,1,1,8,13
New Orleans Hornets,G,Austin Rivers,Charlotte Bobcats,W,12/29/2012,12:46,0,2,0.0,0,1,0.0,0,0,0.0,0,0,0,2,2,1,0,1,0,-12
New Orleans Hornets,G,Greivis Vasquez,Charlotte Bobcats,W,12/29/2012,42:02,7,13,0.538,2,3,0.667,0,0,0.0,1,3,4,8,4,0,4,2,16,12
New Orleans Hornets,F,Lance Thomas,Atlanta Hawks,L,01/01/2013,15:15,1,3,0.333,0,0,0.0,0,0,0.0,2,1,3,0,0,0,0,1,2,-1
New Orleans Hornets,F,Anthony Davis,Atlanta Hawks,L,01/01/2013,35:41,4,9,0.444,0,0,0.0,1,4,0.25,4,9,13,0,0,4,1,2,9,-4
New Orleans Hornets,C,Robin Lopez,Atlanta Hawks,L,01/01/2013,25:30,5,9,0.556,0,0,0.0,0,0,0.0,3,2,5,1,0,0,1,1,10,4
New Orleans Hornets,G,Austin Rivers,Atlanta Hawks,L,01/01/2013,16:26,1,5,0.2,1,2,0.5,0,0,0.0,0,1,1,3,0,0,2,1,3,-8
New Orleans Hornets,G,Greivis Vasquez,Atlanta Hawks,L,01/01/2013,38:37,7,15,0.467,1,2,0.5,2,4,0.5,1,8,9,10,0,1,2,1,17,3
New Orleans Hornets,F,Lance Thomas,Houston Rockets,L,01/02/2013,10:09,1,2,0.5,0,0,0.0,0,0,0.0,0,2,2,0,0,0,1,1,2,-8
New Orleans Hornets,F,Anthony Davis,Houston Rockets,L,01/02/2013,27:17,4,11,0.364,0,0,0.0,0,2,0.0,3,4,7,0,0,1,2,2,8,-14
New Orleans Hornets,C,Robin Lopez,Houston Rockets,L,01/02/2013,17:32,6,12,0.5,0,0,0.0,0,0,0.0,4,4,8,1,0,0,0,1,12,-8
New Orleans Hornets,G,Greivis Vasquez,Houston Rockets,L,01/02/2013,34:34,6,15,0.4,2,3,0.667,1,1,1.0,0,3,3,14,0,0,2,4,15,-10
New Orleans Hornets,G,Austin Rivers,Houston Rockets,L,01/02/2013,16:50,1,5,0.2,1,3,0.333,1,6,0.167,1,0,1,1,0,0,1,2,4,-6
New Orleans Hornets,F,Al-Farouq Aminu,Dallas Mavericks,W,01/05/2013,38:32,3,6,0.5,0,0,0.0,4,4,1.0,2,11,13,3,3,1,1,1,10,4
New Orleans Hornets,F,Anthony Davis,Dallas Mavericks,W,01/05/2013,12:09,1,3,0.333,0,0,0.0,2,2,1.0,0,1,1,0,0,0,1,3,4,-5
New Orleans Hornets,C,Robin Lopez,Dallas Mavericks,W,01/05/2013,28:15,4,8,0.5,0,0,0.0,1,2,0.5,1,5,6,1,1,0,0,0,9,-4
New Orleans Hornets,G,Eric Gordon,Dallas Mavericks,W,01/05/2013,34:51,4,13,0.308,1,4,0.25,5,5,1.0,0,2,2,4,1,2,3,2,14,-5
New Orleans Hornets,G,Greivis Vasquez,Dallas Mavericks,W,01/05/2013,40:36,11,18,0.611,3,6,0.5,0,2,0.0,0,7,7,9,1,0,1,2,25,11
New Orleans Hornets,F,Al-Farouq Aminu,San Antonio Spurs,W,01/07/2013,37:16,2,5,0.4,0,1,0.0,0,0,0.0,0,10,10,3,3,1,5,2,4,8
New Orleans Hornets,F,Anthony Davis,San Antonio Spurs,W,01/07/2013,26:13,8,13,0.615,0,0,0.0,1,2,0.5,4,5,9,0,3,1,1,1,17,6
New Orleans Hornets,C,Robin Lopez,San Antonio Spurs,W,01/07/2013,20:22,4,6,0.667,0,0,0.0,0,0,0.0,3,3,6,0,0,0,3,1,8,8
New Orleans Hornets,G,Eric Gordon,San Antonio Spurs,W,01/07/2013,32:33,9,22,0.409,0,3,0.0,6,6,1.0,3,1,4,2,1,1,2,1,24,18
New Orleans Hornets,G,Greivis Vasquez,San Antonio Spurs,W,01/07/2013,35:44,6,10,0.6,1,2,0.5,1,2,0.5,1,2,3,11,2,0,3,2,14,9
New Orleans Hornets,F,Al-Farouq Aminu,Houston Rockets,W,01/09/2013,25:12,2,7,0.286,0,0,0.0,0,0,0.0,4,6,10,0,2,1,3,2,4,-10
New Orleans Hornets,F,Anthony Davis,Houston Rockets,W,01/09/2013,19:00,3,5,0.6,0,0,0.0,0,0,0.0,1,2,3,1,3,2,0,1,6,-3
New Orleans Hornets,C,Robin Lopez,Houston Rockets,W,01/09/2013,22:28,6,9,0.667,0,0,0.0,2,2,1.0,3,0,3,0,1,2,2,3,14,0
New Orleans Hornets,G,Eric Gordon,Houston Rockets,W,01/09/2013,27:36,2,12,0.167,0,4,0.0,1,2,0.5,0,1,1,6,0,0,5,1,5,2
New Orleans Hornets,G,Greivis Vasquez,Houston Rockets,W,01/09/2013,36:57,7,13,0.538,2,3,0.667,1,2,0.5,0,4,4,11,3,0,4,2,17,0
New Orleans Hornets,F,Al-Farouq Aminu,Minnesota Timberwolves,W,01/11/2013,30:49,5,7,0.714,0,0,0.0,2,2,1.0,3,10,13,3,3,1,2,2,12,15
New Orleans Hornets,F,Anthony Davis,Minnesota Timberwolves,W,01/11/2013,23:10,4,6,0.667,0,0,0.0,1,2,0.5,0,0,0,0,0,0,1,4,9,-3
New Orleans Hornets,C,Robin Lopez,Minnesota Timberwolves,W,01/11/2013,26:47,2,3,0.667,0,0,0.0,0,0,0.0,1,5,6,2,0,2,0,3,4,11
New Orleans Hornets,G,Eric Gordon,Minnesota Timberwolves,W,01/11/2013,28:31,6,16,0.375,1,6,0.167,3,3,1.0,0,1,1,3,0,0,1,1,16,5
New Orleans Hornets,G,Greivis Vasquez,Minnesota Timberwolves,W,01/11/2013,26:05,7,16,0.438,2,5,0.4,2,2,1.0,1,3,4,13,0,0,2,4,18,11
New Orleans Hornets,F,Al-Farouq Aminu,New York Knicks,L,01/13/2013,25:57,1,1,1.0,0,0,0.0,0,0,0.0,2,9,11,0,0,2,1,3,2,-7
New Orleans Hornets,F,Anthony Davis,New York Knicks,L,01/13/2013,33:14,6,13,0.462,0,0,0.0,1,3,0.333,3,5,8,2,1,1,0,3,13,-15
New Orleans Hornets,C,Robin Lopez,New York Knicks,L,01/13/2013,28:32,5,14,0.357,0,0,0.0,0,0,0.0,3,2,5,2,1,1,1,3,10,0
New Orleans Hornets,G,Eric Gordon,New York Knicks,L,01/13/2013,29:22,7,14,0.5,1,6,0.167,7,9,0.778,1,2,3,2,2,0,1,3,22,-3
New Orleans Hornets,G,Greivis Vasquez,New York Knicks,L,01/13/2013,35:42,4,10,0.4,0,3,0.0,3,4,0.75,0,5,5,6,1,0,4,3,11,-3
New Orleans Hornets,F,Al-Farouq Aminu,Philadelphia 76ers,W,01/15/2013,22:38,2,4,0.5,0,0,0.0,1,2,0.5,2,6,8,1,0,0,0,1,5,11
New Orleans Hornets,F,Anthony Davis,Philadelphia 76ers,W,01/15/2013,20:57,4,6,0.667,0,0,0.0,2,3,0.667,2,5,7,2,2,2,1,0,10,4
New Orleans Hornets,C,Robin Lopez,Philadelphia 76ers,W,01/15/2013,22:44,4,9,0.444,0,0,0.0,0,0,0.0,3,2,5,0,0,3,0,1,8,10
New Orleans Hornets,G,Eric Gordon,Philadelphia 76ers,W,01/15/2013,32:06,7,13,0.538,2,3,0.667,3,4,0.75,1,1,2,4,1,0,3,2,19,6
New Orleans Hornets,G,Greivis Vasquez,Philadelphia 76ers,W,01/15/2013,35:55,10,18,0.556,3,4,0.75,0,1,0.0,0,2,2,9,0,0,6,4,23,13
New Orleans Hornets,F,Al-Farouq Aminu,Boston Celtics,W,01/16/2013,27:28,3,9,0.333,0,0,0.0,12,13,0.923,1,8,9,1,2,0,2,4,18,20
New Orleans Hornets,F,Anthony Davis,Boston Celtics,W,01/16/2013,26:46,4,5,0.8,0,0,0.0,2,2,1.0,2,8,10,1,1,2,1,0,10,-7
New Orleans Hornets,C,Robin Lopez,Boston Celtics,W,01/16/2013,26:25,7,11,0.636,0,0,0.0,3,4,0.75,4,2,6,0,0,0,2,3,17,9
New Orleans Hornets,G,Roger Mason Jr.,Boston Celtics,W,01/16/2013,25:45,1,4,0.25,0,3,0.0,0,0,0.0,0,0,0,1,0,1,1,2,2,11
New Orleans Hornets,G,Greivis Vasquez,Boston Celtics,W,01/16/2013,40:57,5,16,0.313,1,7,0.143,4,5,0.8,0,11,11,4,0,0,6,2,15,10
New Orleans Hornets,F,Al-Farouq Aminu,Golden State Warriors,L,01/19/2013,34:49,7,9,0.778,0,0,0.0,0,1,0.0,3,7,10,1,2,1,1,3,14,7
New Orleans Hornets,F,Anthony Davis,Golden State Warriors,L,01/19/2013,31:32,9,12,0.75,0,0,0.0,2,7,0.286,4,8,12,4,1,4,1,2,20,2
New Orleans Hornets,C,Robin Lopez,Golden State Warriors,L,01/19/2013,19:22,1,2,0.5,0,0,0.0,0,0,0.0,0,0,0,1,0,1,1,2,2,4
New Orleans Hornets,G,Eric Gordon,Golden State Warriors,L,01/19/2013,30:46,7,16,0.438,3,7,0.429,6,7,0.857,1,0,1,3,3,0,3,3,23,-7
New Orleans Hornets,G,Greivis Vasquez,Golden State Warriors,L,01/19/2013,34:06,3,10,0.3,2,6,0.333,0,0,0.0,0,4,4,15,3,0,2,4,8,-3
New Orleans Hornets,F,Al-Farouq Aminu,Sacramento Kings,W,01/21/2013,34:37,5,7,0.714,1,1,1.0,3,4,0.75,4,7,11,3,1,0,3,3,14,10
New Orleans Hornets,F,Anthony Davis,Sacramento Kings,W,01/21/2013,15:20,5,7,0.714,0,0,0.0,1,3,0.333,3,3,6,0,1,3,0,0,11,20
New Orleans Hornets,C,Robin Lopez,Sacramento Kings,W,01/21/2013,27:04,4,9,0.444,0,0,0.0,1,1,1.0,4,1,5,1,1,0,2,2,9,-3
New Orleans Hornets,G,Eric Gordon,Sacramento Kings,W,01/21/2013,29:07,6,15,0.4,2,4,0.5,2,2,1.0,0,1,1,2,1,0,3,4,16,14
New Orleans Hornets,G,Greivis Vasquez,Sacramento Kings,W,01/21/2013,37:21,7,12,0.583,2,4,0.5,3,4,0.75,1,6,7,11,0,0,4,3,19,24
New Orleans Hornets,F,Al-Farouq Aminu,San Antonio Spurs,L,01/23/2013,32:18,4,7,0.571,0,1,0.0,0,1,0.0,2,10,12,2,0,0,0,3,8,-4
New Orleans Hornets,F,Anthony Davis,San Antonio Spurs,L,01/23/2013,30:44,3,7,0.429,0,0,0.0,3,4,0.75,0,7,7,2,1,1,2,4,9,-8
New Orleans Hornets,C,Robin Lopez,San Antonio Spurs,L,01/23/2013,14:32,3,7,0.429,0,0,0.0,1,1,1.0,1,0,1,1,0,1,0,0,7,4
New Orleans Hornets,G,Eric Gordon,San Antonio Spurs,L,01/23/2013,28:59,5,8,0.625,3,3,1.0,4,4,1.0,0,2,2,0,1,0,5,0,17,-13
New Orleans Hornets,G,Greivis Vasquez,San Antonio Spurs,L,01/23/2013,34:27,6,13,0.462,2,4,0.5,1,1,1.0,1,4,5,11,0,1,3,2,15,4
New Orleans Hornets,F,Al-Farouq Aminu,Houston Rockets,L,01/25/2013,23:25,5,10,0.5,1,2,0.5,0,0,0.0,3,3,6,2,2,0,2,2,11,-9
New Orleans Hornets,F,Anthony Davis,Houston Rockets,L,01/25/2013,26:47,4,7,0.571,0,0,0.0,2,2,1.0,3,4,7,0,3,1,2,3,10,-4
New Orleans Hornets,C,Robin Lopez,Houston Rockets,L,01/25/2013,18:08,2,4,0.5,0,0,0.0,2,2,1.0,0,2,2,0,0,0,0,1,6,-16
New Orleans Hornets,G,Eric Gordon,Houston Rockets,L,01/25/2013,30:48,6,14,0.429,2,4,0.5,6,8,0.75,0,0,0,2,1,0,3,3,20,-13
New Orleans Hornets,G,Greivis Vasquez,Houston Rockets,L,01/25/2013,23:58,1,6,0.167,0,2,0.0,0,0,0.0,0,1,1,6,0,0,2,3,2,-8
New Orleans Hornets,F,Al-Farouq Aminu,Memphis Grizzlies,W,01/27/2013,30:26,4,9,0.444,0,0,0.0,1,2,0.5,2,10,12,0,0,1,2,1,9,3
New Orleans Hornets,F,Anthony Davis,Memphis Grizzlies,W,01/27/2013,23:55,5,7,0.714,0,0,0.0,0,0,0.0,1,5,6,1,2,2,5,2,10,-4
New Orleans Hornets,C,Robin Lopez,Memphis Grizzlies,W,01/27/2013,17:01,3,6,0.5,0,0,0.0,2,2,1.0,4,2,6,0,0,0,0,2,8,3
New Orleans Hornets,G,Eric Gordon,Memphis Grizzlies,W,01/27/2013,29:35,2,5,0.4,0,1,0.0,4,4,1.0,0,3,3,2,4,2,2,2,8,0
New Orleans Hornets,G,Greivis Vasquez,Memphis Grizzlies,W,01/27/2013,34:11,2,16,0.125,0,2,0.0,1,1,1.0,0,2,2,11,0,0,4,3,5,2
New Orleans Hornets,F,Al-Farouq Aminu,Los Angeles Lakers,L,01/29/2013,16:39,0,4,0.0,0,0,0.0,0,0,0.0,0,2,2,0,1,0,0,4,0,-11
New Orleans Hornets,F,Anthony Davis,Los Angeles Lakers,L,01/29/2013,22:04,7,12,0.583,0,0,0.0,4,4,1.0,0,3,3,0,2,0,0,4,18,-2
New Orleans Hornets,C,Robin Lopez,Los Angeles Lakers,L,01/29/2013,33:18,7,10,0.7,0,0,0.0,2,3,0.667,6,3,9,2,1,0,3,4,16,8
New Orleans Hornets,G,Eric Gordon,Los Angeles Lakers,L,01/29/2013,31:57,7,12,0.583,6,8,0.75,5,5,1.0,0,2,2,2,1,0,1,2,25,15
New Orleans Hornets,G,Greivis Vasquez,Los Angeles Lakers,L,01/29/2013,32:36,7,16,0.438,0,1,0.0,1,1,1.0,0,5,5,15,0,0,1,2,15,15
New Orleans Hornets,F,Al-Farouq Aminu,Utah Jazz,L,01/30/2013,29:14,1,4,0.25,0,1,0.0,1,2,0.5,2,11,13,0,1,0,0,2,3,15
New Orleans Hornets,F,Anthony Davis,Utah Jazz,L,01/30/2013,21:42,7,9,0.778,0,0,0.0,0,0,0.0,1,6,7,1,0,2,1,5,14,7
New Orleans Hornets,C,Robin Lopez,Utah Jazz,L,01/30/2013,38:11,6,12,0.5,0,0,0.0,3,6,0.5,4,5,9,1,1,4,1,5,15,2
New Orleans Hornets,G,Roger Mason Jr.,Utah Jazz,L,01/30/2013,30:53,3,8,0.375,3,6,0.5,0,0,0.0,0,0,0,3,1,1,1,5,9,4
New Orleans Hornets,G,Greivis Vasquez,Utah Jazz,L,01/30/2013,38:42,8,21,0.381,0,4,0.0,1,2,0.5,0,3,3,13,1,0,4,0,17,5
New Orleans Hornets,F,Al-Farouq Aminu,Denver Nuggets,L,02/01/2013,13:18,1,1,1.0,0,0,0.0,1,1,1.0,0,5,5,1,0,0,2,0,3,1
New Orleans Hornets,F,Anthony Davis,Denver Nuggets,L,02/01/2013,32:46,6,12,0.5,0,0,0.0,1,3,0.333,2,8,10,2,0,3,2,3,13,-19
New Orleans Hornets,C,Robin Lopez,Denver Nuggets,L,02/01/2013,14:31,5,6,0.833,0,0,0.0,3,3,1.0,0,2,2,1,0,2,0,2,13,9
New Orleans Hornets,G,Eric Gordon,Denver Nuggets,L,02/01/2013,24:51,3,8,0.375,0,0,0.0,3,4,0.75,0,2,2,2,0,0,5,0,9,-13
New Orleans Hornets,G,Greivis Vasquez,Denver Nuggets,L,02/01/2013,33:19,5,10,0.5,1,4,0.25,2,2,1.0,0,3,3,9,0,0,3,3,13,-18
New Orleans Hornets,F,Al-Farouq Aminu,Minnesota Timberwolves,L,02/02/2013,23:37,0,2,0.0,0,0,0.0,2,2,1.0,0,3,3,0,3,1,4,2,2,-7
New Orleans Hornets,F,Anthony Davis,Minnesota Timberwolves,L,02/02/2013,28:59,6,12,0.5,0,0,0.0,6,7,0.857,4,0,4,1,2,1,1,5,18,-11
New Orleans Hornets,C,Robin Lopez,Minnesota Timberwolves,L,02/02/2013,25:15,7,10,0.7,0,0,0.0,2,2,1.0,0,2,2,0,1,0,3,2,16,-11
New Orleans Hornets,G,Roger Mason Jr.,Minnesota Timberwolves,L,02/02/2013,19:35,1,4,0.25,1,4,0.25,0,0,0.0,0,3,3,0,2,0,2,0,3,-10
New Orleans Hornets,G,Greivis Vasquez,Minnesota Timberwolves,L,02/02/2013,26:01,3,11,0.273,0,1,0.0,1,1,1.0,1,5,6,7,0,0,5,3,7,-13
New Orleans Hornets,F,Al-Farouq Aminu,Phoenix Suns,W,02/06/2013,30:17,7,9,0.778,0,0,0.0,2,2,1.0,1,10,11,1,1,0,1,2,16,5
New Orleans Hornets,F,Anthony Davis,Phoenix Suns,W,02/06/2013,19:55,4,7,0.571,0,0,0.0,0,2,0.0,0,1,1,1,1,3,2,2,8,-1
New Orleans Hornets,C,Robin Lopez,Phoenix Suns,W,02/06/2013,28:42,5,7,0.714,0,0,0.0,1,2,0.5,5,3,8,1,1,2,1,3,11,10
New Orleans Hornets,G,Eric Gordon,Phoenix Suns,W,02/06/2013,32:06,3,14,0.214,0,4,0.0,3,4,0.75,0,0,0,2,1,0,2,0,9,10
New Orleans Hornets,G,Greivis Vasquez,Phoenix Suns,W,02/06/2013,34:00,8,9,0.889,1,1,1.0,2,3,0.667,0,1,1,12,4,0,0,1,19,8
New Orleans Hornets,F,Al-Farouq Aminu,Atlanta Hawks,W,02/08/2013,19:26,0,1,0.0,0,0,0.0,0,0,0.0,1,7,8,0,1,1,1,0,0,6
New Orleans Hornets,F,Anthony Davis,Atlanta Hawks,W,02/08/2013,25:41,4,11,0.364,0,0,0.0,0,0,0.0,1,6,7,1,2,1,1,0,8,8
New Orleans Hornets,C,Robin Lopez,Atlanta Hawks,W,02/08/2013,38:26,8,12,0.667,0,0,0.0,1,5,0.2,4,4,8,3,0,3,0,2,17,13
New Orleans Hornets,G,Eric Gordon,Atlanta Hawks,W,02/08/2013,30:29,10,19,0.526,1,2,0.5,6,6,1.0,0,0,0,1,0,0,1,0,27,12
New Orleans Hornets,G,Greivis Vasquez,Atlanta Hawks,W,02/08/2013,35:57,7,15,0.467,3,5,0.6,4,5,0.8,2,9,11,12,1,0,4,1,21,19
New Orleans Hornets,F,Al-Farouq Aminu,Toronto Raptors,L,02/10/2013,27:00,1,2,0.5,0,0,0.0,2,6,0.333,0,4,4,0,0,1,0,1,4,-24
New Orleans Hornets,F,Anthony Davis,Toronto Raptors,L,02/10/2013,19:32,1,6,0.167,0,0,0.0,0,0,0.0,2,4,6,1,1,2,1,1,2,-12
New Orleans Hornets,C,Robin Lopez,Toronto Raptors,L,02/10/2013,26:34,7,13,0.538,0,0,0.0,5,8,0.625,0,4,4,0,0,1,1,2,19,-22
New Orleans Hornets,G,Eric Gordon,Toronto Raptors,L,02/10/2013,28:53,2,7,0.286,1,2,0.5,1,2,0.5,0,0,0,4,0,0,6,1,6,-16
New Orleans Hornets,G,Greivis Vasquez,Toronto Raptors,L,02/10/2013,33:02,7,11,0.636,0,2,0.0,3,4,0.75,1,6,7,6,2,0,3,4,17,-17
New Orleans Hornets,F,Al-Farouq Aminu,Detroit Pistons,W,02/11/2013,27:57,4,7,0.571,0,0,0.0,4,4,1.0,3,11,14,4,2,2,2,2,12,20
New Orleans Hornets,F,Anthony Davis,Detroit Pistons,W,02/11/2013,17:20,0,7,0.0,0,1,0.0,1,2,0.5,0,8,8,1,1,4,1,3,1,11
New Orleans Hornets,C,Robin Lopez,Detroit Pistons,W,02/11/2013,37:41,9,13,0.692,0,0,0.0,5,5,1.0,4,6,10,0,1,2,1,1,23,24
New Orleans Hornets,G,Austin Rivers,Detroit Pistons,W,02/11/2013,34:04,3,7,0.429,1,2,0.5,0,0,0.0,0,1,1,2,1,0,1,3,7,19
New Orleans Hornets,G,Greivis Vasquez,Detroit Pistons,W,02/11/2013,36:11,4,10,0.4,0,2,0.0,1,1,1.0,0,4,4,13,2,0,4,1,9,27
New Orleans Hornets,F,Al-Farouq Aminu,Portland Trail Blazers,W,02/13/2013,28:29,5,9,0.556,0,0,0.0,0,0,0.0,2,7,9,1,0,0,1,0,10,15
New Orleans Hornets,F,Anthony Davis,Portland Trail Blazers,W,02/13/2013,27:36,10,17,0.588,0,0,0.0,1,2,0.5,4,7,11,3,1,2,2,4,21,24
New Orleans Hornets,C,Robin Lopez,Portland Trail Blazers,W,02/13/2013,20:38,2,6,0.333,0,0,0.0,1,2,0.5,2,2,4,0,0,0,1,1,5,7
New Orleans Hornets,G,Austin Rivers,Portland Trail Blazers,W,02/13/2013,27:25,3,6,0.5,0,0,0.0,2,2,1.0,0,2,2,1,0,0,0,2,8,8
New Orleans Hornets,G,Greivis Vasquez,Portland Trail Blazers,W,02/13/2013,26:17,3,8,0.375,1,2,0.5,3,4,0.75,1,4,5,8,2,0,2,0,10,17
New Orleans Hornets,F,Al-Farouq Aminu,Chicago Bulls,L,02/19/2013,33:24,5,6,0.833,0,0,0.0,0,0,0.0,2,5,7,1,3,2,3,2,10,-4
New Orleans Hornets,F,Anthony Davis,Chicago Bulls,L,02/19/2013,32:44,6,13,0.462,0,0,0.0,3,3,1.0,1,9,10,3,4,1,1,2,15,0
New Orleans Hornets,C,Robin Lopez,Chicago Bulls,L,02/19/2013,21:08,0,1,0.0,0,0,0.0,1,2,0.5,1,3,4,1,0,2,1,0,1,-7
New Orleans Hornets,G,Eric Gordon,Chicago Bulls,L,02/19/2013,29:33,8,17,0.471,3,7,0.429,1,2,0.5,0,2,2,1,0,0,4,4,20,-2
New Orleans Hornets,G,Greivis Vasquez,Chicago Bulls,L,02/19/2013,35:03,5,16,0.313,0,4,0.0,1,1,1.0,0,2,2,10,0,0,2,2,11,-4
New Orleans Hornets,F,Al-Farouq Aminu,Cleveland Cavaliers,L,02/20/2013,35:37,1,2,0.5,0,0,0.0,2,2,1.0,2,8,10,3,1,2,0,0,4,-1
New Orleans Hornets,F,Anthony Davis,Cleveland Cavaliers,L,02/20/2013,29:13,2,7,0.286,0,0,0.0,8,8,1.0,2,2,4,1,0,2,1,4,12,-4
New Orleans Hornets,C,Robin Lopez,Cleveland Cavaliers,L,02/20/2013,15:33,5,9,0.556,0,0,0.0,5,6,0.833,3,0,3,0,0,0,3,6,15,-18
New Orleans Hornets,G,Austin Rivers,Cleveland Cavaliers,L,02/20/2013,30:55,5,11,0.455,1,1,1.0,0,0,0.0,1,3,4,2,0,0,0,5,11,-6
New Orleans Hornets,G,Greivis Vasquez,Cleveland Cavaliers,L,02/20/2013,38:49,5,13,0.385,1,5,0.2,2,2,1.0,0,4,4,8,0,1,4,2,13,-7
New Orleans Hornets,F,Al-Farouq Aminu,Dallas Mavericks,L,02/22/2013,37:25,3,10,0.3,0,0,0.0,1,2,0.5,4,6,10,6,3,2,2,2,7,-6
New Orleans Hornets,F,Anthony Davis,Dallas Mavericks,L,02/22/2013,23:29,4,12,0.333,0,1,0.0,2,2,1.0,4,7,11,0,1,0,1,1,10,4
New Orleans Hornets,C,Robin Lopez,Dallas Mavericks,L,02/22/2013,15:57,1,3,0.333,0,0,0.0,2,2,1.0,0,0,0,0,0,0,1,1,4,-18
New Orleans Hornets,G,Eric Gordon,Dallas Mavericks,L,02/22/2013,30:41,7,19,0.368,1,6,0.167,8,9,0.889,0,3,3,2,1,0,4,1,23,-5
New Orleans Hornets,G,Greivis Vasquez,Dallas Mavericks,L,02/22/2013,34:25,2,7,0.286,1,1,1.0,0,0,0.0,0,3,3,11,2,0,1,4,5,-13
New Orleans Hornets,F,Al-Farouq Aminu,Sacramento Kings,W,02/24/2013,30:42,2,6,0.333,0,1,0.0,0,0,0.0,1,7,8,2,3,3,1,2,4,4
New Orleans Hornets,F,Anthony Davis,Sacramento Kings,W,02/24/2013,27:45,9,14,0.643,0,0,0.0,2,2,1.0,3,5,8,1,0,0,0,1,20,14
New Orleans Hornets,C,Robin Lopez,Sacramento Kings,W,02/24/2013,26:45,6,11,0.545,0,0,0.0,0,0,0.0,3,4,7,1,0,2,0,1,12,1
New Orleans Hornets,G,Eric Gordon,Sacramento Kings,W,02/24/2013,29:17,6,13,0.462,0,3,0.0,5,5,1.0,0,1,1,8,1,0,5,2,17,12
New Orleans Hornets,G,Greivis Vasquez,Sacramento Kings,W,02/24/2013,38:12,5,12,0.417,0,2,0.0,2,2,1.0,1,4,5,13,0,0,1,2,12,14
New Orleans Hornets,F,Al-Farouq Aminu,Brooklyn Nets,L,02/26/2013,28:39,2,6,0.333,0,0,0.0,0,0,0.0,2,3,5,0,1,2,1,2,4,-2
New Orleans Hornets,F,Anthony Davis,Brooklyn Nets,L,02/26/2013,21:24,2,4,0.5,0,0,0.0,2,2,1.0,2,2,4,0,1,2,0,1,6,3
New Orleans Hornets,C,Robin Lopez,Brooklyn Nets,L,02/26/2013,28:09,5,9,0.556,0,0,0.0,4,5,0.8,2,5,7,1,1,2,0,1,14,-5
New Orleans Hornets,G,Eric Gordon,Brooklyn Nets,L,02/26/2013,29:02,4,15,0.267,0,2,0.0,2,2,1.0,0,1,1,6,0,0,1,1,10,1
New Orleans Hornets,G,Greivis Vasquez,Brooklyn Nets,L,02/26/2013,35:48,9,20,0.45,2,3,0.667,0,1,0.0,4,4,8,7,3,0,3,4,20,-2
New Orleans Hornets,F,Al-Farouq Aminu,Oklahoma City Thunder,L,02/27/2013,23:08,3,7,0.429,0,0,0.0,1,1,1.0,2,5,7,0,1,1,2,5,7,-18
New Orleans Hornets,F,Ryan Anderson,Oklahoma City Thunder,L,02/27/2013,23:59,5,11,0.455,3,6,0.5,1,2,0.5,0,0,0,1,1,0,1,2,14,-30
New Orleans Hornets,C,Robin Lopez,Oklahoma City Thunder,L,02/27/2013,31:19,2,10,0.2,0,0,0.0,3,4,0.75,1,1,2,0,0,3,0,2,7,-33
New Orleans Hornets,G,Austin Rivers,Oklahoma City Thunder,L,02/27/2013,38:57,3,8,0.375,1,3,0.333,2,2,1.0,0,1,1,4,1,0,3,3,9,-38
New Orleans Hornets,G,Greivis Vasquez,Oklahoma City Thunder,L,02/27/2013,24:28,3,13,0.231,0,1,0.0,0,0,0.0,1,2,3,7,0,0,0,2,6,-22
New Orleans Hornets,F,Al-Farouq Aminu,Detroit Pistons,W,03/01/2013,34:27,3,8,0.375,0,0,0.0,2,2,1.0,6,8,14,0,1,1,1,2,8,6
New Orleans Hornets,F,Ryan Anderson,Detroit Pistons,W,03/01/2013,43:02,7,17,0.412,2,8,0.25,3,6,0.5,6,7,13,1,0,0,3,1,19,-1
New Orleans Hornets,C,Robin Lopez,Detroit Pistons,W,03/01/2013,31:12,5,12,0.417,0,0,0.0,0,0,0.0,3,2,5,0,0,5,1,4,10,6
New Orleans Hornets,G,Eric Gordon,Detroit Pistons,W,03/01/2013,29:36,6,18,0.333,2,6,0.333,7,8,0.875,0,4,4,3,1,0,4,1,21,-7
New Orleans Hornets,G,Greivis Vasquez,Detroit Pistons,W,03/01/2013,35:54,8,15,0.533,2,3,0.667,7,7,1.0,1,3,4,9,2,0,0,4,25,2
New Orleans Hornets,F,Al-Farouq Aminu,Orlando Magic,L,03/04/2013,31:59,2,7,0.286,0,0,0.0,3,3,1.0,0,8,8,2,1,3,0,2,7,10
New Orleans Hornets,F,Anthony Davis,Orlando Magic,L,03/04/2013,38:37,6,13,0.462,0,0,0.0,5,9,0.556,5,10,15,0,0,4,3,3,17,-1
New Orleans Hornets,C,Robin Lopez,Orlando Magic,L,03/04/2013,10:47,3,4,0.75,0,0,0.0,3,3,1.0,3,1,4,1,0,0,2,4,9,5
New Orleans Hornets,G,Eric Gordon,Orlando Magic,L,03/04/2013,28:51,7,14,0.5,3,6,0.5,0,0,0.0,0,0,0,5,0,0,0,2,17,3
New Orleans Hornets,G,Greivis Vasquez,Orlando Magic,L,03/04/2013,39:19,7,17,0.412,2,7,0.286,1,1,1.0,0,1,1,8,0,0,4,2,17,-4
New Orleans Hornets,F,Al-Farouq Aminu,Los Angeles Lakers,L,03/06/2013,38:14,4,7,0.571,0,0,0.0,4,4,1.0,2,14,16,1,2,3,1,5,12,-2
New Orleans Hornets,F,Anthony Davis,Los Angeles Lakers,L,03/06/2013,16:32,5,8,0.625,0,0,0.0,3,5,0.6,1,5,6,1,0,2,2,2,13,6
New Orleans Hornets,C,Robin Lopez,Los Angeles Lakers,L,03/06/2013,40:20,4,13,0.308,0,0,0.0,5,6,0.833,5,6,11,0,1,2,1,3,13,-13
New Orleans Hornets,G,Eric Gordon,Los Angeles Lakers,L,03/06/2013,31:25,7,23,0.304,4,10,0.4,0,0,0.0,1,4,5,5,1,0,3,3,18,-7
New Orleans Hornets,G,Greivis Vasquez,Los Angeles Lakers,L,03/06/2013,38:36,6,16,0.375,2,5,0.4,1,1,1.0,1,4,5,12,0,0,4,1,15,-18
New Orleans Hornets,F,Al-Farouq Aminu,Memphis Grizzlies,L,03/09/2013,27:37,2,4,0.5,0,1,0.0,3,3,1.0,2,5,7,0,0,0,2,3,7,-20
New Orleans Hornets,F,Anthony Davis,Memphis Grizzlies,L,03/09/2013,37:56,9,20,0.45,0,0,0.0,2,2,1.0,4,14,18,2,0,0,2,2,20,-10
New Orleans Hornets,C,Robin Lopez,Memphis Grizzlies,L,03/09/2013,21:59,1,5,0.2,0,0,0.0,1,2,0.5,1,0,1,0,0,0,0,1,3,-16
New Orleans Hornets,G,Eric Gordon,Memphis Grizzlies,L,03/09/2013,27:38,4,7,0.571,1,1,1.0,2,2,1.0,0,0,0,3,0,0,0,1,11,-24
New Orleans Hornets,G,Greivis Vasquez,Memphis Grizzlies,L,03/09/2013,35:04,4,11,0.364,0,1,0.0,4,4,1.0,0,2,2,8,2,0,4,5,12,-15
New Orleans Hornets,F,Al-Farouq Aminu,Portland Trail Blazers,W,03/10/2013,20:34,0,5,0.0,0,0,0.0,0,0,0.0,2,4,6,0,1,0,1,0,0,-11
New Orleans Hornets,F,Anthony Davis,Portland Trail Blazers,W,03/10/2013,33:13,8,14,0.571,0,0,0.0,2,3,0.667,6,4,10,1,1,1,1,2,18,-7
New Orleans Hornets,C,Robin Lopez,Portland Trail Blazers,W,03/10/2013,18:31,3,8,0.375,0,0,0.0,0,0,0.0,3,1,4,1,0,2,2,1,6,-9
New Orleans Hornets,G,Brian Roberts,Portland Trail Blazers,W,03/10/2013,42:54,3,13,0.231,1,2,0.5,2,2,1.0,0,1,1,9,2,0,0,1,9,5
New Orleans Hornets,G,Greivis Vasquez,Portland Trail Blazers,W,03/10/2013,37:16,9,15,0.6,2,4,0.5,0,0,0.0,2,5,7,5,2,0,5,1,20,-12
New Orleans Hornets,F,Al-Farouq Aminu,Brooklyn Nets,L,03/12/2013,22:13,1,4,0.25,0,0,0.0,0,0,0.0,0,3,3,0,0,0,1,3,2,-7
New Orleans Hornets,F,Anthony Davis,Brooklyn Nets,L,03/12/2013,37:14,9,14,0.643,0,0,0.0,1,3,0.333,4,7,11,2,1,5,1,3,19,0
New Orleans Hornets,C,Robin Lopez,Brooklyn Nets,L,03/12/2013,37:10,6,10,0.6,0,0,0.0,3,3,1.0,5,3,8,0,0,1,2,4,15,-11
New Orleans Hornets,G,Eric Gordon,Brooklyn Nets,L,03/12/2013,32:34,8,17,0.471,3,8,0.375,5,5,1.0,0,0,0,3,1,0,1,1,24,-8
New Orleans Hornets,G,Greivis Vasquez,Brooklyn Nets,L,03/12/2013,40:03,6,15,0.4,1,5,0.2,0,0,0.0,0,1,1,14,1,0,3,3,13,-15
New Orleans Hornets,F,Al-Farouq Aminu,Washington Wizards,L,03/15/2013,27:52,2,4,0.5,0,0,0.0,2,3,0.667,3,5,8,0,1,0,0,1,6,-7
New Orleans Hornets,F,Anthony Davis,Washington Wizards,L,03/15/2013,16:24,4,8,0.5,0,0,0.0,8,8,1.0,2,5,7,0,0,0,1,5,16,5
New Orleans Hornets,C,Robin Lopez,Washington Wizards,L,03/15/2013,26:17,3,4,0.75,0,0,0.0,0,0,0.0,2,0,2,2,0,0,2,2,6,-2
New Orleans Hornets,G,Eric Gordon,Washington Wizards,L,03/15/2013,30:38,8,17,0.471,2,4,0.5,2,3,0.667,0,2,2,0,1,0,3,1,20,-6
New Orleans Hornets,G,Greivis Vasquez,Washington Wizards,L,03/15/2013,39:12,9,18,0.5,0,3,0.0,0,0,0.0,1,7,8,9,2,0,3,3,18,-4
New Orleans Hornets,F,Al-Farouq Aminu,Minnesota Timberwolves,L,03/17/2013,32:10,3,4,0.75,0,0,0.0,1,4,0.25,2,2,4,0,2,1,2,2,7,4
New Orleans Hornets,F,Anthony Davis,Minnesota Timberwolves,L,03/17/2013,32:60,7,13,0.538,0,0,0.0,3,3,1.0,3,6,9,2,3,1,2,3,17,4
New Orleans Hornets,C,Robin Lopez,Minnesota Timberwolves,L,03/17/2013,33:30,8,14,0.571,0,0,0.0,4,4,1.0,8,3,11,1,0,1,4,4,20,-1
New Orleans Hornets,G,Eric Gordon,Minnesota Timberwolves,L,03/17/2013,26:01,3,6,0.5,0,1,0.0,1,1,1.0,0,2,2,3,2,0,0,3,7,4
New Orleans Hornets,G,Greivis Vasquez,Minnesota Timberwolves,L,03/17/2013,39:20,10,25,0.4,2,5,0.4,2,2,1.0,4,3,7,5,0,0,6,4,24,-7
New Orleans Hornets,F,Al-Farouq Aminu,Golden State Warriors,L,03/18/2013,12:30,0,4,0.0,0,0,0.0,2,2,1.0,2,1,3,0,1,0,0,1,2,-8
New Orleans Hornets,F,Anthony Davis,Golden State Warriors,L,03/18/2013,31:54,7,12,0.583,0,0,0.0,2,2,1.0,4,3,7,0,2,1,3,1,16,-25
New Orleans Hornets,C,Robin Lopez,Golden State Warriors,L,03/18/2013,21:46,2,10,0.2,0,0,0.0,0,0,0.0,2,0,2,1,0,0,0,1,4,-14
New Orleans Hornets,G,Roger Mason Jr.,Golden State Warriors,L,03/18/2013,19:42,1,7,0.143,1,4,0.25,0,0,0.0,1,1,2,1,2,0,0,1,3,-12
New Orleans Hornets,G,Greivis Vasquez,Golden State Warriors,L,03/18/2013,32:28,6,11,0.545,1,2,0.5,1,1,1.0,1,2,3,9,2,0,4,3,14,-22
New Orleans Hornets,F,Al-Farouq Aminu,Boston Celtics,W,03/20/2013,29:06,2,3,0.667,0,0,0.0,0,0,0.0,3,6,9,1,2,1,1,4,4,-3
New Orleans Hornets,F,Anthony Davis,Boston Celtics,W,03/20/2013,28:00,4,7,0.571,0,0,0.0,1,2,0.5,2,6,8,1,1,2,4,1,9,4
New Orleans Hornets,C,Robin Lopez,Boston Celtics,W,03/20/2013,23:07,2,5,0.4,0,0,0.0,0,0,0.0,2,2,4,1,0,1,2,2,4,-3
New Orleans Hornets,G,Eric Gordon,Boston Celtics,W,03/20/2013,31:14,6,15,0.4,0,3,0.0,6,8,0.75,0,2,2,3,0,0,3,1,18,-1
New Orleans Hornets,G,Greivis Vasquez,Boston Celtics,W,03/20/2013,32:35,5,10,0.5,1,3,0.333,2,3,0.667,0,7,7,6,0,0,4,1,13,-2
New Orleans Hornets,F,Al-Farouq Aminu,Memphis Grizzlies,W,03/22/2013,24:58,2,4,0.5,0,0,0.0,2,2,1.0,1,6,7,1,1,0,0,1,6,5
New Orleans Hornets,F,Anthony Davis,Memphis Grizzlies,W,03/22/2013,36:56,8,14,0.571,0,0,0.0,2,3,0.667,5,10,15,2,0,2,1,2,18,5
New Orleans Hornets,C,Robin Lopez,Memphis Grizzlies,W,03/22/2013,29:53,9,12,0.75,0,0,0.0,5,7,0.714,6,4,10,0,1,4,2,4,23,-3
New Orleans Hornets,G,Eric Gordon,Memphis Grizzlies,W,03/22/2013,31:49,4,13,0.308,1,4,0.25,2,2,1.0,0,0,0,2,0,0,4,1,11,-1
New Orleans Hornets,G,Greivis Vasquez,Memphis Grizzlies,W,03/22/2013,34:56,4,13,0.308,1,4,0.25,3,3,1.0,1,2,3,9,0,0,1,2,12,-4
New Orleans Hornets,F,Al-Farouq Aminu,Denver Nuggets,W,03/25/2013,35:54,4,11,0.364,0,0,0.0,5,5,1.0,3,5,8,3,3,3,1,2,13,19
New Orleans Hornets,F,Anthony Davis,Denver Nuggets,W,03/25/2013,22:56,5,8,0.625,0,0,0.0,4,4,1.0,3,3,6,2,0,1,0,4,14,4
New Orleans Hornets,C,Robin Lopez,Denver Nuggets,W,03/25/2013,22:22,5,11,0.455,0,0,0.0,1,2,0.5,4,3,7,2,1,3,3,3,11,17
New Orleans Hornets,G,Darius Miller,Denver Nuggets,W,03/25/2013,25:56,6,7,0.857,4,5,0.8,0,0,0.0,1,2,3,1,1,1,0,3,16,15
New Orleans Hornets,G,Brian Roberts,Denver Nuggets,W,03/25/2013,41:11,5,10,0.5,1,4,0.25,2,2,1.0,0,5,5,18,1,0,3,3,13,21
New Orleans Hornets,F,Al-Farouq Aminu,Los Angeles Clippers,L,03/27/2013,19:13,2,5,0.4,0,0,0.0,1,2,0.5,0,4,4,2,0,0,1,0,5,-14
New Orleans Hornets,F,Anthony Davis,Los Angeles Clippers,L,03/27/2013,39:16,9,13,0.692,0,0,0.0,1,3,0.333,2,7,9,2,1,0,1,4,19,-21
New Orleans Hornets,C,Robin Lopez,Los Angeles Clippers,L,03/27/2013,28:59,6,13,0.462,0,0,0.0,1,2,0.5,5,3,8,2,0,1,1,1,13,-8
New Orleans Hornets,G,Eric Gordon,Los Angeles Clippers,L,03/27/2013,34:29,9,18,0.5,0,4,0.0,6,7,0.857,0,1,1,3,3,0,2,4,24,-3
New Orleans Hornets,G,Greivis Vasquez,Los Angeles Clippers,L,03/27/2013,27:50,0,2,0.0,0,2,0.0,0,0,0.0,0,2,2,4,1,0,3,5,0,-8
New Orleans Hornets,F,Al-Farouq Aminu,Miami Heat,L,03/29/2013,33:50,3,6,0.5,0,0,0.0,1,2,0.5,5,11,16,2,1,0,3,4,7,-9
New Orleans Hornets,F,Anthony Davis,Miami Heat,L,03/29/2013,28:28,5,10,0.5,0,0,0.0,1,2,0.5,3,2,5,0,4,2,2,5,11,-16
New Orleans Hornets,C,Robin Lopez,Miami Heat,L,03/29/2013,18:24,2,4,0.5,0,0,0.0,2,2,1.0,1,2,3,0,0,1,2,0,6,-5
New Orleans Hornets,G,Eric Gordon,Miami Heat,L,03/29/2013,29:52,3,11,0.273,1,6,0.167,10,10,1.0,0,2,2,2,2,0,5,3,17,-10
New Orleans Hornets,G,Brian Roberts,Miami Heat,L,03/29/2013,41:17,6,14,0.429,1,3,0.333,0,0,0.0,0,1,1,6,1,0,3,3,13,-14
New Orleans Hornets,F,Al-Farouq Aminu,Cleveland Cavaliers,W,03/31/2013,19:21,1,2,0.5,0,0,0.0,2,2,1.0,0,5,5,0,0,0,0,0,4,9
New Orleans Hornets,F,Anthony Davis,Cleveland Cavaliers,W,03/31/2013,37:11,5,11,0.455,0,0,0.0,7,11,0.636,3,10,13,2,1,2,0,1,17,8
New Orleans Hornets,C,Robin Lopez,Cleveland Cavaliers,W,03/31/2013,15:49,1,5,0.2,0,0,0.0,1,2,0.5,4,0,4,0,0,2,2,3,3,4
New Orleans Hornets,G,Eric Gordon,Cleveland Cavaliers,W,03/31/2013,27:60,5,11,0.455,0,3,0.0,4,5,0.8,0,4,4,6,0,1,3,1,14,5
New Orleans Hornets,G,Greivis Vasquez,Cleveland Cavaliers,W,03/31/2013,35:23,10,14,0.714,2,2,1.0,3,4,0.75,0,2,2,9,3,0,3,4,25,13
New Orleans Hornets,F,Al-Farouq Aminu,Golden State Warriors,L,04/03/2013,32:06,7,8,0.875,0,0,0.0,0,0,0.0,0,5,5,4,3,1,2,2,14,0
New Orleans Hornets,F,Anthony Davis,Golden State Warriors,L,04/03/2013,31:34,2,11,0.182,0,0,0.0,2,2,1.0,3,6,9,0,1,1,1,5,6,-8
New Orleans Hornets,C,Robin Lopez,Golden State Warriors,L,04/03/2013,33:60,7,11,0.636,0,0,0.0,3,4,0.75,3,4,7,1,0,1,4,2,17,7
New Orleans Hornets,G,Eric Gordon,Golden State Warriors,L,04/03/2013,33:06,5,17,0.294,1,3,0.333,10,11,0.909,0,5,5,3,2,0,0,2,21,-6
New Orleans Hornets,G,Greivis Vasquez,Golden State Warriors,L,04/03/2013,36:42,6,14,0.429,1,3,0.333,2,2,1.0,0,1,1,9,1,0,2,1,15,-5
New Orleans Hornets,F,Al-Farouq Aminu,Utah Jazz,L,04/05/2013,33:15,4,11,0.364,0,1,0.0,0,0,0.0,1,2,3,1,4,0,2,2,8,3
New Orleans Hornets,F,Anthony Davis,Utah Jazz,L,04/05/2013,30:52,10,16,0.625,0,0,0.0,4,5,0.8,4,8,12,0,0,3,0,1,24,10
New Orleans Hornets,C,Robin Lopez,Utah Jazz,L,04/05/2013,35:18,5,9,0.556,0,0,0.0,2,2,1.0,2,5,7,1,1,1,0,0,12,3
New Orleans Hornets,G,Eric Gordon,Utah Jazz,L,04/05/2013,17:44,2,3,0.667,1,2,0.5,2,2,1.0,0,1,1,2,0,0,3,1,7,5
New Orleans Hornets,G,Greivis Vasquez,Utah Jazz,L,04/05/2013,36:55,9,13,0.692,1,2,0.5,2,3,0.667,0,5,5,9,0,0,5,3,21,7
New Orleans Hornets,F,Al-Farouq Aminu,Phoenix Suns,W,04/07/2013,32:34,3,7,0.429,0,1,0.0,0,0,0.0,2,8,10,1,0,1,2,3,6,5
New Orleans Hornets,F,Anthony Davis,Phoenix Suns,W,04/07/2013,30:36,6,10,0.6,0,0,0.0,8,8,1.0,2,1,3,1,3,2,3,5,20,-5
New Orleans Hornets,C,Robin Lopez,Phoenix Suns,W,04/07/2013,17:41,3,10,0.3,0,0,0.0,3,4,0.75,1,3,4,0,0,2,0,1,9,8
New Orleans Hornets,G,Eric Gordon,Phoenix Suns,W,04/07/2013,31:08,4,11,0.364,2,2,1.0,7,8,0.875,0,1,1,6,2,0,2,2,17,-1
New Orleans Hornets,G,Greivis Vasquez,Phoenix Suns,W,04/07/2013,31:04,3,9,0.333,0,2,0.0,4,4,1.0,1,3,4,7,2,0,2,3,10,6
New Orleans Hornets,F,Al-Farouq Aminu,Los Angeles Lakers,L,04/09/2013,14:06,2,4,0.5,0,0,0.0,0,0,0.0,1,3,4,1,0,0,0,1,4,-8
New Orleans Hornets,F,Anthony Davis,Los Angeles Lakers,L,04/09/2013,37:41,7,14,0.5,0,0,0.0,4,4,1.0,2,12,14,2,4,1,0,4,18,0
New Orleans Hornets,C,Robin Lopez,Los Angeles Lakers,L,04/09/2013,29:10,4,7,0.571,0,0,0.0,2,2,1.0,1,2,3,0,1,2,2,3,10,1
New Orleans Hornets,G,Eric Gordon,Los Angeles Lakers,L,04/09/2013,32:53,6,13,0.462,0,3,0.0,10,11,0.909,1,2,3,3,1,0,5,6,22,3
New Orleans Hornets,G,Greivis Vasquez,Los Angeles Lakers,L,04/09/2013,37:03,5,14,0.357,1,5,0.2,0,0,0.0,0,3,3,11,0,0,3,2,11,-7
New Orleans Hornets,F,Al-Farouq Aminu,Sacramento Kings,L,04/10/2013,21:00,3,6,0.5,0,0,0.0,0,0,0.0,2,4,6,2,0,0,0,2,6,-10
New Orleans Hornets,F,Anthony Davis,Sacramento Kings,L,04/10/2013,31:45,4,9,0.444,0,0,0.0,5,5,1.0,4,6,10,2,0,2,1,2,13,-10
New Orleans Hornets,C,Robin Lopez,Sacramento Kings,L,04/10/2013,22:18,7,8,0.875,0,0,0.0,6,7,0.857,3,2,5,1,0,1,5,4,20,0
New Orleans Hornets,G,Eric Gordon,Sacramento Kings,L,04/10/2013,33:33,8,16,0.5,3,6,0.5,4,7,0.571,1,2,3,7,2,1,3,0,23,7
New Orleans Hornets,G,Greivis Vasquez,Sacramento Kings,L,04/10/2013,25:10,2,6,0.333,0,2,0.0,0,0,0.0,0,1,1,2,1,0,3,3,4,-20
New Orleans Hornets,F,Al-Farouq Aminu,Los Angeles Clippers,L,04/12/2013,32:46,2,3,0.667,0,0,0.0,3,6,0.5,4,6,10,2,0,0,1,3,7,-1
New Orleans Hornets,F,Ryan Anderson,Los Angeles Clippers,L,04/12/2013,38:45,6,18,0.333,2,8,0.25,3,6,0.5,3,3,6,1,2,0,0,4,17,-3
New Orleans Hornets,C,Robin Lopez,Los Angeles Clippers,L,04/12/2013,38:19,8,16,0.5,0,0,0.0,3,4,0.75,8,4,12,1,0,1,1,1,19,-2
New Orleans Hornets,G,Eric Gordon,Los Angeles Clippers,L,04/12/2013,36:13,8,18,0.444,2,6,0.333,7,12,0.583,0,4,4,3,1,0,3,2,25,4
New Orleans Hornets,G,Brian Roberts,Los Angeles Clippers,L,04/12/2013,41:14,6,13,0.462,2,2,1.0,1,1,1.0,0,6,6,11,0,0,3,4,15,0
New Orleans Hornets,F,Al-Farouq Aminu,Dallas Mavericks,L,04/14/2013,25:36,4,6,0.667,0,1,0.0,2,4,0.5,2,6,8,2,1,0,3,2,10,-5
New Orleans Hornets,F,Ryan Anderson,Dallas Mavericks,L,04/14/2013,40:47,8,20,0.4,4,7,0.571,0,0,0.0,8,4,12,1,0,1,1,1,20,-10
New Orleans Hornets,C,Robin Lopez,Dallas Mavericks,L,04/14/2013,32:12,4,10,0.4,0,0,0.0,2,2,1.0,5,8,13,2,0,1,1,1,10,-9
New Orleans Hornets,G,Eric Gordon,Dallas Mavericks,L,04/14/2013,33:12,7,17,0.412,1,5,0.2,0,0,0.0,1,1,2,4,0,0,3,0,15,-2
New Orleans Hornets,G,Greivis Vasquez,Dallas Mavericks,L,04/14/2013,36:11,5,16,0.313,1,4,0.25,0,0,0.0,1,2,3,4,0,0,1,0,11,-16
New Orleans Hornets,F,Al-Farouq Aminu,Dallas Mavericks,L,04/17/2013,33:53,8,15,0.533,0,0,0.0,0,0,0.0,8,12,20,1,0,1,3,2,16,-9
New Orleans Hornets,F,Ryan Anderson,Dallas Mavericks,L,04/17/2013,36:25,4,13,0.308,1,3,0.333,4,5,0.8,6,1,7,0,0,0,0,2,13,-12
New Orleans Hornets,C,Robin Lopez,Dallas Mavericks,L,04/17/2013,32:42,6,11,0.545,0,0,0.0,2,2,1.0,7,6,13,0,0,0,2,2,14,-14
New Orleans Hornets,G,Eric Gordon,Dallas Mavericks,L,04/17/2013,34:13,4,17,0.235,0,2,0.0,8,9,0.889,0,3,3,3,4,1,4,3,16,-11
New Orleans Hornets,G,Brian Roberts,Dallas Mavericks,L,04/17/2013,42:00,5,17,0.294,2,5,0.4,1,1,1.0,0,3,3,6,0,0,3,4,13,-11
