Name,Opponent,Win/Loss,Date,MP,FG,FGA,FG%,3P,3PA,3P%,FT,FTA,FT%,ORB,DRB,TRB,AST,STL,BLK,TOV,PF,PTS,+/-
Dwyane Wade,Dallas Mavericks,W,1/2/2013,44:36,9,21,0.429,1,3,0.333,8,9,0.889,2,8,10,5,2,2,1,0,27,12
LeBron James,Dallas Mavericks,W,1/2/2013,42:01,11,20,0.55,1,3,0.333,9,11,0.818,1,11,12,9,3,1,4,0,32,12
Chris Bosh,Dallas Mavericks,W,1/2/2013,39:42,7,10,0.7,1,1,1,2,3,0.667,0,4,4,0,0,3,0,2,17,17
Mario Chalmers,Dallas Mavericks,W,1/2/2013,26:42,3,8,0.375,1,4,0.25,2,2,1,0,3,3,4,3,0,0,2,9,16
Udonis Haslem,Dallas Mavericks,W,1/2/2013,20:28,2,4,0.5,0,0,,0,0,,2,4,6,0,3,0,3,3,4,-4
LeBron James,Chicago Bulls,L,1/4/2013,41:05,8,14,0.571,1,5,0.2,13,16,0.813,0,6,6,2,1,0,2,2,30,-18
Chris Bosh,Chicago Bulls,L,1/4/2013,37:55,5,12,0.417,0,2,0,4,4,1,1,4,5,5,1,2,4,4,14,10
Dwyane Wade,Chicago Bulls,L,1/4/2013,32:52,7,11,0.636,1,1,1,7,9,0.778,0,3,3,4,2,0,3,3,22,-3
Mario Chalmers,Chicago Bulls,L,1/4/2013,25:05,2,6,0.333,1,3,0.333,0,0,,0,1,1,3,1,0,1,2,5,-11
Udonis Haslem,Chicago Bulls,L,1/4/2013,20:26,2,3,0.667,0,0,,0,0,,1,2,3,0,2,0,0,3,4,-6
LeBron James,Washington Wizards,W,1/6/2013,34:57,9,17,0.529,2,3,0.667,4,4,1,1,1,2,7,0,1,1,0,24,26
Chris Bosh,Washington Wizards,W,1/6/2013,31:52,6,11,0.545,0,0,,5,5,1,1,8,9,2,0,4,1,2,17,12
Dwyane Wade,Washington Wizards,W,1/6/2013,29:13,7,14,0.5,0,1,0,0,1,0,1,6,7,1,1,1,2,2,14,23
Udonis Haslem,Washington Wizards,W,1/6/2013,28:40,1,4,0.25,0,0,,0,0,,2,10,12,2,3,0,0,2,2,21
Mario Chalmers,Washington Wizards,W,1/6/2013,25:03,1,7,0.143,1,5,0.2,2,2,1,0,4,4,2,1,0,3,1,5,7
LeBron James,Indiana Pacers,L,1/8/2013,42:36,10,20,0.5,1,1,1,1,4,0.25,3,7,10,4,1,2,7,2,22,-5
Chris Bosh,Indiana Pacers,L,1/8/2013,36:09,5,10,0.5,0,0,,4,4,1,1,4,5,3,1,2,1,3,14,-10
Dwyane Wade,Indiana Pacers,L,1/8/2013,35:45,9,16,0.563,4,6,0.667,8,10,0.8,1,4,5,3,0,1,2,3,30,7
Mario Chalmers,Indiana Pacers,L,1/8/2013,26:04,1,6,0.167,1,3,0.333,0,0,,0,4,4,1,3,0,2,3,3,11
Udonis Haslem,Indiana Pacers,L,1/8/2013,24:20,0,2,0,0,0,,0,0,,1,3,4,0,0,0,0,1,0,-6
LeBron James,Portland Trail Blazers,L,1/10/2013,42:39,6,16,0.375,1,5,0.2,2,5,0.4,0,10,10,9,2,1,4,3,15,-9
Chris Bosh,Portland Trail Blazers,L,1/10/2013,39:04,13,18,0.722,0,2,0,3,5,0.6,2,2,4,1,2,4,2,5,29,6
Dwyane Wade,Portland Trail Blazers,L,1/10/2013,35:21,6,18,0.333,0,0,,6,6,1,0,3,3,2,2,0,1,3,18,-13
Udonis Haslem,Portland Trail Blazers,L,1/10/2013,26:38,0,2,0,0,0,,0,0,,2,6,8,0,0,1,1,3,0,1
Mario Chalmers,Portland Trail Blazers,L,1/10/2013,18:04,1,2,0.5,0,1,0,0,0,,0,2,2,3,1,0,1,2,2,-4
Mario Chalmers,Sacramento Kings,W,1/12/2013,30:04,12,16,0.75,10,13,0.769,0,0,,0,2,2,3,2,0,2,1,34,28
LeBron James,Sacramento Kings,W,1/12/2013,29:08,7,10,0.7,0,1,0,6,7,0.857,1,4,5,7,5,2,1,0,20,28
Chris Bosh,Sacramento Kings,W,1/12/2013,28:15,6,11,0.545,0,0,,4,4,1,1,3,4,5,0,1,1,0,16,24
Dwyane Wade,Sacramento Kings,W,1/12/2013,25:04,3,5,0.6,0,1,0,5,6,0.833,1,4,5,7,2,4,2,2,11,33
Udonis Haslem,Sacramento Kings,W,1/12/2013,18:00,1,3,0.333,0,0,,3,4,0.75,2,6,8,1,0,0,1,4,5,21
LeBron James,Utah Jazz,L,1/14/2013,43:41,13,19,0.684,2,4,0.5,4,4,1,1,3,4,6,3,2,3,5,32,1
Mario Chalmers,Utah Jazz,L,1/14/2013,37:17,4,8,0.5,2,4,0.5,2,4,0.5,0,2,2,7,1,0,1,4,12,1
Dwyane Wade,Utah Jazz,L,1/14/2013,29:18,5,11,0.455,1,2,0.5,0,3,0,1,4,5,4,1,0,2,2,11,-6
Chris Bosh,Utah Jazz,L,1/14/2013,26:35,8,13,0.615,0,0,,0,0,,1,0,1,1,0,1,2,4,16,-12
Udonis Haslem,Utah Jazz,L,1/14/2013,18:50,0,1,0,0,0,,0,0,,0,5,5,1,1,0,2,4,0,-1
LeBron James,Golden State Warriors,W,1/16/2013,30:32,11,20,0.55,1,5,0.2,2,3,0.667,1,6,7,10,1,0,1,2,25,33
Dwyane Wade,Golden State Warriors,W,1/16/2013,29:36,6,12,0.5,0,1,0,3,5,0.6,2,6,8,6,5,1,0,1,15,32
Mario Chalmers,Golden State Warriors,W,1/16/2013,26:30,5,11,0.455,4,7,0.571,1,2,0.5,0,1,1,1,3,0,1,3,15,24
Chris Bosh,Golden State Warriors,W,1/16/2013,26:19,5,14,0.357,1,1,1,0,0,,2,4,6,1,1,1,3,3,11,23
Udonis Haslem,Golden State Warriors,W,1/16/2013,23:38,3,4,0.75,0,0,,0,0,,4,6,10,0,0,0,0,2,6,26
LeBron James,Los Angeles Lakers,W,1/17/2013,42:04,17,25,0.68,1,2,0.5,4,4,1,0,7,7,8,3,1,2,2,39,13
Dwyane Wade,Los Angeles Lakers,W,1/17/2013,37:49,11,20,0.55,0,1,0,5,7,0.714,0,4,4,5,2,1,1,3,27,1
Chris Bosh,Los Angeles Lakers,W,1/17/2013,34:59,3,10,0.3,0,0,,1,2,0.5,0,6,6,2,6,0,1,3,7,8
Mario Chalmers,Los Angeles Lakers,W,1/17/2013,21:05,1,7,0.143,0,3,0,2,2,1,0,1,1,3,0,0,1,4,4,3
Udonis Haslem,Los Angeles Lakers,W,1/17/2013,11:32,2,3,0.667,0,0,,0,0,,2,5,7,0,1,0,1,4,4,4
LeBron James,Toronto Raptors,W,1/23/2013,44:50,12,23,0.522,1,5,0.2,6,7,0.857,1,9,10,11,0,0,3,1,31,9
Chris Bosh,Toronto Raptors,W,1/23/2013,40:35,3,7,0.429,0,0,,6,12,0.5,4,8,12,1,0,1,1,2,12,18
Dwyane Wade,Toronto Raptors,W,1/23/2013,40:00,13,19,0.684,0,1,0,9,15,0.6,2,3,5,7,0,1,3,4,35,10
Mario Chalmers,Toronto Raptors,W,1/23/2013,33:32,5,10,0.5,3,6,0.5,1,2,0.5,1,0,1,3,2,0,2,6,14,4
Udonis Haslem,Toronto Raptors,W,1/23/2013,18:46,1,1,1,0,0,,0,0,,3,7,10,1,1,1,1,3,2,-2
Dwyane Wade,Detroit Pistons,W,1/25/2013,34:30,12,20,0.6,0,1,0,5,5,1,1,4,5,7,3,1,5,1,29,24
LeBron James,Detroit Pistons,W,1/25/2013,33:01,9,14,0.643,0,1,0,5,6,0.833,1,6,7,7,1,0,2,0,23,22
Chris Bosh,Detroit Pistons,W,1/25/2013,29:42,5,10,0.5,0,1,0,4,5,0.8,2,5,7,1,1,0,0,1,14,7
Mario Chalmers,Detroit Pistons,W,1/25/2013,27:08,2,6,0.333,1,4,0.25,1,2,0.5,1,1,2,2,4,0,0,3,6,24
Udonis Haslem,Detroit Pistons,W,1/25/2013,18:16,3,3,1,0,0,,0,0,,2,3,5,1,0,0,1,2,6,2
LeBron James,Boston Celtics,L,1/27/2013,51:56,14,31,0.452,3,6,0.5,3,5,0.6,4,12,16,7,3,1,3,3,34,-2
Dwyane Wade,Boston Celtics,L,1/27/2013,46:33,6,20,0.3,0,4,0,5,6,0.833,2,2,4,7,2,1,6,5,17,-9
Chris Bosh,Boston Celtics,L,1/27/2013,46:16,7,12,0.583,0,1,0,2,2,1,5,11,16,0,0,1,5,4,16,1
Mario Chalmers,Boston Celtics,L,1/27/2013,22:09,0,3,0,0,1,0,0,0,,0,1,1,2,0,0,3,4,0,-8
Udonis Haslem,Boston Celtics,L,1/27/2013,14:56,1,2,0.5,0,0,,0,0,,3,3,6,1,1,0,0,1,2,2
Chris Bosh,Brooklyn Nets,W,1/30/2013,36:20,7,14,0.5,0,0,,2,2,1,2,2,4,0,0,0,3,1,16,11
LeBron James,Brooklyn Nets,W,1/30/2013,34:17,10,18,0.556,3,4,0.75,1,4,0.25,2,7,9,7,2,0,4,2,24,22
Dwyane Wade,Brooklyn Nets,W,1/30/2013,33:43,9,16,0.563,1,1,1,2,4,0.5,0,2,2,3,1,0,3,3,21,12
Mario Chalmers,Brooklyn Nets,W,1/30/2013,25:05,5,7,0.714,1,2,0.5,0,0,,1,3,4,4,3,0,0,2,11,15
Udonis Haslem,Brooklyn Nets,W,1/30/2013,22:57,2,5,0.4,0,0,,1,1,1,2,3,5,2,0,0,0,4,5,27
LeBron James,Indiana Pacers,L,2/1/2013,41:58,9,17,0.529,1,3,0.333,9,11,0.818,1,5,6,3,1,1,3,4,28,-9
Dwyane Wade,Indiana Pacers,L,2/1/2013,41:15,7,16,0.438,0,0,,3,6,0.5,2,4,6,5,2,2,1,2,17,-6
Chris Bosh,Indiana Pacers,L,2/1/2013,32:32,5,11,0.455,0,0,,3,4,0.75,1,1,2,0,0,0,2,4,13,-14
Udonis Haslem,Indiana Pacers,L,2/1/2013,23:20,2,4,0.5,0,0,,0,0,,1,2,3,2,0,0,0,3,4,-9
Mario Chalmers,Indiana Pacers,L,2/1/2013,20:58,2,5,0.4,1,2,0.5,2,2,1,0,0,0,4,0,0,1,2,7,-13
LeBron James,Toronto Raptors,W,2/3/2013,39:44,10,16,0.625,1,2,0.5,9,11,0.818,0,8,8,7,2,0,3,1,30,29
Chris Bosh,Toronto Raptors,W,2/3/2013,33:42,12,19,0.632,1,1,1,3,4,0.75,0,5,5,0,1,1,3,3,28,17
Dwyane Wade,Toronto Raptors,W,2/3/2013,31:56,10,18,0.556,0,1,0,3,4,0.75,0,5,5,5,3,1,3,3,23,21
Mario Chalmers,Toronto Raptors,W,2/3/2013,30:08,1,6,0.167,0,2,0,0,0,,0,2,2,5,4,0,1,3,2,17
Udonis Haslem,Toronto Raptors,W,2/3/2013,15:38,2,3,0.667,0,0,,0,0,,2,1,3,0,0,0,0,4,4,5
LeBron James,Charlotte Bobcats,W,2/4/2013,38:00,13,14,0.929,0,0,,5,6,0.833,0,8,8,8,2,0,5,1,31,8
Dwyane Wade,Charlotte Bobcats,W,2/4/2013,37:57,7,19,0.368,0,1,0,6,10,0.6,6,6,12,4,1,2,5,3,20,4
Chris Bosh,Charlotte Bobcats,W,2/4/2013,29:57,11,18,0.611,0,0,,1,3,0.333,2,2,4,1,1,0,0,3,23,1
Mario Chalmers,Charlotte Bobcats,W,2/4/2013,21:05,1,6,0.167,0,3,0,1,1,1,0,1,1,2,0,1,0,3,3,0
Udonis Haslem,Charlotte Bobcats,W,2/4/2013,17:56,1,2,0.5,0,0,,0,0,,1,3,4,1,0,0,0,2,2,-2
LeBron James,Houston Rockets,W,2/6/2013,36:37,11,18,0.611,3,6,0.5,7,10,0.7,1,5,6,5,0,2,4,2,32,4
Dwyane Wade,Houston Rockets,W,2/6/2013,35:28,9,18,0.5,0,1,0,13,13,1,1,4,5,8,4,2,2,2,31,13
Shane Battier,Houston Rockets,W,2/6/2013,29:08,4,6,0.667,4,6,0.667,0,0,,0,1,1,3,0,0,1,2,12,15
Udonis Haslem,Houston Rockets,W,2/6/2013,28:25,4,7,0.571,0,0,,1,1,1,2,11,13,0,1,0,0,3,9,10
Mario Chalmers,Houston Rockets,W,2/6/2013,26:02,2,5,0.4,1,1,1,0,0,,0,0,0,3,1,0,0,1,5,9
Dwyane Wade,Los Angeles Clippers,W,2/8/2013,24:31,3,8,0.375,1,2,0.5,1,1,1,0,1,1,1,2,0,0,1,8,-19
LeBron James,Los Angeles Clippers,W,2/8/2013,24:07,5,7,0.714,0,0,,3,4,0.75,0,5,5,3,0,0,4,4,13,-21
Mario Chalmers,Los Angeles Clippers,W,2/8/2013,22:23,7,11,0.636,0,0,,3,7,0.429,3,3,6,0,0,1,0,2,17,-25
Shane Battier,Los Angeles Clippers,W,2/8/2013,19:36,1,5,0.2,1,1,1,0,0,,1,0,1,2,0,0,3,2,3,-27
Udonis Haslem,Los Angeles Clippers,W,2/8/2013,16:36,2,5,0.4,1,3,0.333,2,2,1,0,1,1,4,0,0,0,1,7,-15
Dwyane Wade,Los Angeles Lakers,W,2/10/2013,38:54,12,18,0.667,0,1,0,6,6,1,0,2,2,5,3,1,4,4,30,7
LeBron James,Los Angeles Lakers,W,2/10/2013,36:15,12,18,0.667,1,2,0.5,7,8,0.875,1,6,7,4,3,0,4,4,32,7
Chris Bosh,Los Angeles Lakers,W,2/10/2013,33:52,6,13,0.462,0,1,0,0,0,,4,7,11,1,2,1,0,2,12,4
Mario Chalmers,Los Angeles Lakers,W,2/10/2013,29:17,6,11,0.545,1,2,0.5,0,0,,1,3,4,3,0,1,0,4,13,6
Udonis Haslem,Los Angeles Lakers,W,2/10/2013,12:22,1,2,0.5,0,0,,0,0,,1,4,5,0,0,0,0,4,2,-2
LeBron James,Portland Trail Blazers,W,2/12/2013,38:45,11,15,0.733,1,3,0.333,7,8,0.875,0,6,6,9,3,2,1,0,30,21
Dwyane Wade,Portland Trail Blazers,W,2/12/2013,35:36,8,18,0.444,0,0,,8,10,0.8,5,4,9,7,1,2,4,2,24,19
Mario Chalmers,Portland Trail Blazers,W,2/12/2013,33:31,2,5,0.4,1,3,0.333,0,0,,0,2,2,4,1,0,1,4,5,41
Chris Bosh,Portland Trail Blazers,W,2/12/2013,31:41,13,16,0.813,0,1,0,6,6,1,3,8,11,0,2,0,0,3,32,34
Udonis Haslem,Portland Trail Blazers,W,2/12/2013,8:37,1,1,1,0,0,,1,2,0.5,0,0,0,0,0,1,0,0,3,3
LeBron James,Oklahoma City Thunder,W,2/14/2013,40:02,14,24,0.583,4,8,0.5,7,9,0.778,3,9,12,7,2,0,4,3,39,15
Chris Bosh,Oklahoma City Thunder,W,2/14/2013,38:46,10,14,0.714,0,0,,0,0,,5,7,12,2,2,3,1,2,20,15
Dwyane Wade,Oklahoma City Thunder,W,2/14/2013,30:58,5,13,0.385,0,0,,3,3,1,0,5,5,8,3,1,4,6,13,9
Mario Chalmers,Oklahoma City Thunder,W,2/14/2013,27:45,2,7,0.286,2,5,0.4,0,2,0,0,2,2,1,1,0,2,3,6,0
Shane Battier,Oklahoma City Thunder,W,2/14/2013,26:51,2,6,0.333,2,5,0.4,0,0,,1,1,2,1,1,0,0,3,6,0
LeBron James,Atlanta Hawks,W,2/20/2013,39:31,8,15,0.533,1,4,0.25,7,8,0.875,0,6,6,11,4,0,2,1,24,16
Dwyane Wade,Atlanta Hawks,W,2/20/2013,34:34,8,18,0.444,0,0,,4,8,0.5,1,2,3,2,3,0,4,0,20,5
Chris Bosh,Atlanta Hawks,W,2/20/2013,28:08,2,10,0.2,0,1,0,2,2,1,0,6,6,1,0,0,2,3,6,1
Mario Chalmers,Atlanta Hawks,W,2/20/2013,21:08,6,9,0.667,2,4,0.5,0,0,,1,1,2,3,2,0,1,3,14,-6
Udonis Haslem,Atlanta Hawks,W,2/20/2013,19:27,1,2,0.5,0,0,,1,1,1,2,3,5,0,0,0,0,3,3,-5
Dwyane Wade,Chicago Bulls,W,2/21/2013,36:45,8,15,0.533,0,0,,1,2,0.5,2,6,8,5,2,2,5,0,17,23
LeBron James,Chicago Bulls,W,2/21/2013,34:29,11,15,0.733,1,4,0.25,3,3,1,1,11,12,7,2,0,4,2,26,6
Chris Bosh,Chicago Bulls,W,2/21/2013,32:06,5,9,0.556,0,1,0,2,4,0.5,2,2,4,0,3,0,3,2,12,12
Mario Chalmers,Chicago Bulls,W,2/21/2013,27:28,4,10,0.4,0,2,0,0,0,,0,3,3,5,1,0,2,2,8,6
Udonis Haslem,Chicago Bulls,W,2/21/2013,16:22,0,2,0,0,0,,0,0,,1,2,3,0,0,0,0,3,0,-3
Dwyane Wade,Philadephia 76ers,W,2/23/2013,32:26,14,18,0.778,0,1,0,5,7,0.714,1,5,6,2,2,0,1,3,33,24
LeBron James,Philadephia 76ers,W,2/23/2013,31:30,7,12,0.583,1,4,0.25,1,2,0.5,1,9,10,11,2,0,2,1,16,14
Mario Chalmers,Philadephia 76ers,W,2/23/2013,26:54,5,8,0.625,2,5,0.4,2,2,1,0,0,0,6,3,0,1,0,14,15
Chris Bosh,Philadephia 76ers,W,2/23/2013,24:45,6,12,0.5,0,2,0,1,1,1,0,1,1,1,0,0,0,0,13,15
Udonis Haslem,Philadephia 76ers,W,2/23/2013,19:41,2,4,0.5,0,0,,0,0,,2,5,7,1,0,0,0,1,4,11
LeBron James,Cleveland Cavaliers,W,2/24/2013,38:51,10,19,0.526,0,1,0,8,11,0.727,2,1,3,8,1,0,2,0,28,6
Dwyane Wade,Cleveland Cavaliers,W,2/24/2013,38:25,11,22,0.5,0,0,,2,3,0.667,0,5,5,6,1,2,1,3,24,-6
Mario Chalmers,Cleveland Cavaliers,W,2/24/2013,34:57,4,6,0.667,4,5,0.8,4,4,1,0,3,3,4,2,0,3,3,16,8
Chris Bosh,Cleveland Cavaliers,W,2/24/2013,32:11,3,7,0.429,1,1,1,0,0,,2,3,5,3,0,4,1,1,7,10
Udonis Haslem,Cleveland Cavaliers,W,2/24/2013,18:08,2,2,1,0,0,,3,4,0.75,0,10,10,0,1,1,0,4,7,12
LeBron James,Sacramento Kings,W,2/26/2013,47:45,14,23,0.609,1,2,0.5,11,12,0.917,3,5,8,16,2,1,2,1,40,11
Dwyane Wade,Sacramento Kings,W,2/26/2013,45:28,19,28,0.679,1,2,0.5,0,2,0,2,6,8,7,3,2,4,1,39,5
Chris Bosh,Sacramento Kings,W,2/26/2013,41:10,5,13,0.385,0,2,0,5,6,0.833,1,7,8,2,3,4,1,3,15,1
Mario Chalmers,Sacramento Kings,W,2/26/2013,32:30,2,8,0.25,2,5,0.4,0,0,,0,1,1,4,1,0,1,4,6,11
Udonis Haslem,Sacramento Kings,W,2/26/2013,21:58,2,3,0.667,0,0,,1,2,0.5,2,2,4,2,1,0,0,3,5,1
LeBron James,Memphis Grizzlies,W,3/1/2013,42:06,4,14,0.286,2,4,0.5,8,12,0.667,1,7,8,10,2,1,1,1,18,-1
Dwyane Wade,Memphis Grizzlies,W,3/1/2013,35:42,9,16,0.563,0,1,0,4,6,0.667,2,2,4,8,2,1,2,2,22,14
Chris Bosh,Memphis Grizzlies,W,3/1/2013,32:31,6,12,0.5,0,1,0,1,2,0.5,0,6,6,1,0,0,3,2,13,4
Mario Chalmers,Memphis Grizzlies,W,3/1/2013,18:26,3,6,0.5,2,3,0.667,1,1,1,0,0,0,2,1,0,1,3,9,-2
Udonis Haslem,Memphis Grizzlies,W,3/1/2013,16:01,2,5,0.4,0,0,,0,0,,1,1,2,0,0,0,0,1,4,1
LeBron James,New York Knicks,W,3/3/2013,42:50,12,23,0.522,2,6,0.333,3,6,0.5,3,8,11,7,3,1,2,1,29,9
Dwyane Wade,New York Knicks,W,3/3/2013,36:56,8,16,0.5,0,1,0,4,5,0.8,2,6,8,8,1,0,4,0,20,8
Chris Bosh,New York Knicks,W,3/3/2013,36:35,7,17,0.412,0,1,0,2,3,0.667,1,0,1,0,1,0,2,4,16,2
Mario Chalmers,New York Knicks,W,3/3/2013,29:35,2,5,0.4,1,4,0.25,1,1,1,1,3,4,1,2,0,4,4,6,9
Udonis Haslem,New York Knicks,W,3/3/2013,16:17,2,4,0.5,0,0,,0,0,,1,5,6,0,0,0,0,2,4,9
Dwyane Wade,Minnesota Timberwolves,W,3/4/2013,37:42,15,23,0.652,0,0,,2,3,0.667,2,5,7,10,1,0,5,1,32,23
LeBron James,Minnesota Timberwolves,W,3/4/2013,34:53,9,16,0.563,1,4,0.25,1,1,1,1,9,10,4,3,2,7,3,20,10
Chris Bosh,Minnesota Timberwolves,W,3/4/2013,31:07,3,5,0.6,0,1,0,5,6,0.833,2,7,9,1,3,0,1,2,11,13
Mario Chalmers,Minnesota Timberwolves,W,3/4/2013,22:39,1,4,0.25,1,4,0.25,1,2,0.5,0,1,1,2,1,0,3,0,4,10
Udonis Haslem,Minnesota Timberwolves,W,3/4/2013,17:08,1,1,1,0,0,,0,0,,0,5,5,0,0,0,3,3,2,8
Dwyane Wade,Orlando Magic,W,3/6/2013,38:39,10,16,0.625,0,1,0,4,4,1,3,3,6,3,4,1,2,2,24,5
LeBron James,Orlando Magic,W,3/6/2013,38:13,7,14,0.5,1,6,0.167,11,12,0.917,0,3,3,2,0,1,2,0,26,8
Chris Bosh,Orlando Magic,W,3/6/2013,33:22,5,15,0.333,0,1,0,7,8,0.875,2,8,10,3,2,2,4,1,17,5
Mario Chalmers,Orlando Magic,W,3/6/2013,23:05,2,8,0.25,1,6,0.167,0,0,,0,1,1,5,1,0,0,4,5,1
Udonis Haslem,Orlando Magic,W,3/6/2013,16:51,2,2,1,0,0,,0,0,,1,3,4,0,0,0,0,1,4,-1
Dwyane Wade,Philadephia 76ers,W,3/8/2013,35:33,9,16,0.563,0,1,0,4,4,1,0,2,2,4,3,1,4,1,22,-9
LeBron James,Philadephia 76ers,W,3/8/2013,34:14,10,17,0.588,2,3,0.667,3,5,0.6,3,7,10,5,1,2,3,2,25,19
Chris Bosh,Philadephia 76ers,W,3/8/2013,31:18,7,14,0.5,0,0,,2,3,0.667,1,3,4,4,1,1,1,0,16,6
Mario Chalmers,Philadephia 76ers,W,3/8/2013,22:09,3,4,0.75,2,3,0.667,0,0,,0,4,4,4,0,0,2,2,8,1
Udonis Haslem,Philadephia 76ers,W,3/8/2013,16:10,1,1,1,0,0,,0,0,,0,4,4,0,0,1,1,0,2,-2
LeBron James,Indiana Pacers,W,3/10/2013,36:21,5,10,0.5,0,0,,3,5,0.6,1,5,6,7,1,1,4,1,13,23
Dwyane Wade,Indiana Pacers,W,3/10/2013,36:09,9,16,0.563,0,1,0,5,6,0.833,0,2,2,3,6,0,4,3,23,26
Mario Chalmers,Indiana Pacers,W,3/10/2013,32:58,7,9,0.778,5,6,0.833,7,7,1,1,6,7,2,2,0,2,3,26,30
Chris Bosh,Indiana Pacers,W,3/10/2013,32:55,11,15,0.733,1,2,0.5,1,2,0.5,1,2,3,4,1,3,0,3,24,26
Udonis Haslem,Indiana Pacers,W,3/10/2013,18:11,0,1,0,0,0,,0,0,,0,3,3,1,0,1,0,3,0,19
LeBron James,Atlanta Hawks,W,3/12/2013,30:07,3,11,0.273,0,2,0,9,12,0.75,3,4,7,7,2,0,4,1,15,21
Dwyane Wade,Atlanta Hawks,W,3/12/2013,30:05,9,18,0.5,0,1,0,5,6,0.833,3,1,4,6,5,0,1,2,23,12
Mario Chalmers,Atlanta Hawks,W,3/12/2013,26:02,5,8,0.625,4,7,0.571,0,0,,1,2,3,5,3,1,2,2,14,19
Chris Bosh,Atlanta Hawks,W,3/12/2013,24:23,6,12,0.5,0,1,0,2,2,1,0,3,3,1,0,2,0,0,14,20
Udonis Haslem,Atlanta Hawks,W,3/12/2013,23:45,3,7,0.429,0,0,,0,0,,2,9,11,1,0,0,0,2,6,19
Dwyane Wade,Philadephia 76ers,W,3/13/2013,39:14,7,14,0.5,0,0,,7,8,0.875,3,5,8,3,0,1,3,1,21,1
LeBron James,Philadephia 76ers,W,3/13/2013,37:14,8,19,0.421,1,4,0.25,10,12,0.833,2,5,7,8,2,1,4,1,27,7
Mario Chalmers,Philadephia 76ers,W,3/13/2013,32:08,3,9,0.333,0,5,0,1,1,1,0,2,2,4,1,0,0,1,7,13
Chris Bosh,Philadephia 76ers,W,3/13/2013,31:37,5,11,0.455,0,0,,0,0,,1,4,5,1,2,3,2,1,10,8
Udonis Haslem,Philadephia 76ers,W,3/13/2013,17:47,2,2,1,0,0,,1,2,0.5,1,3,4,0,0,0,0,2,5,-7
LeBron James,Milwaukee Bucks,W,3/15/2013,38:14,12,24,0.5,0,2,0,4,5,0.8,1,9,10,7,0,1,2,1,28,5
Chris Bosh,Milwaukee Bucks,W,3/15/2013,35:43,12,16,0.75,2,3,0.667,2,3,0.667,2,5,7,0,1,2,2,0,28,14
Dwyane Wade,Milwaukee Bucks,W,3/15/2013,33:17,8,17,0.471,0,0,,4,5,0.8,3,4,7,9,2,1,2,0,20,21
Mario Chalmers,Milwaukee Bucks,W,3/15/2013,26:31,2,6,0.333,1,4,0.25,2,2,1,0,3,3,3,2,0,2,3,7,12
Udonis Haslem,Milwaukee Bucks,W,3/15/2013,21:42,0,1,0,0,0,,0,0,,1,5,6,1,0,0,0,2,0,11
Dwyane Wade,Toronto Raptors,W,3/17/2013,34:38,10,15,0.667,0,0,,4,6,0.667,0,3,3,8,1,0,2,3,24,30
LeBron James,Toronto Raptors,W,3/17/2013,33:50,6,12,0.5,2,6,0.333,8,11,0.727,1,11,12,8,2,0,3,1,22,10
Chris Bosh,Toronto Raptors,W,3/17/2013,28:37,7,10,0.7,2,3,0.667,2,4,0.5,0,2,2,0,2,0,1,0,18,14
Mario Chalmers,Toronto Raptors,W,3/17/2013,25:20,0,5,0,0,3,0,1,1,1,0,2,2,7,0,0,2,2,1,1
Udonis Haslem,Toronto Raptors,W,3/17/2013,18:21,1,1,1,0,0,,0,0,,1,0,1,2,0,0,0,1,2,1
LeBron James,Boston Celtics,W,3/18/2013,42:15,16,29,0.552,1,4,0.25,4,6,0.667,1,6,7,12,2,2,5,3,37,13
Chris Bosh,Boston Celtics,W,3/18/2013,36:51,6,10,0.6,0,1,0,1,2,0.5,0,5,5,2,0,2,1,0,13,20
Mario Chalmers,Boston Celtics,W,3/18/2013,36:34,6,10,0.6,4,5,0.8,5,6,0.833,1,2,3,2,2,1,2,2,21,14
Dwyane Wade,Boston Celtics,W,3/18/2013,35:31,7,15,0.467,0,0,,2,5,0.4,1,6,7,6,3,0,2,2,16,13
Udonis Haslem,Boston Celtics,W,3/18/2013,17:27,2,4,0.5,0,0,,0,0,,2,3,5,1,0,0,0,5,4,3
LeBron James,Cleveland Cavaliers,W,3/20/2013,42:19,8,22,0.364,3,7,0.429,6,8,0.75,7,5,12,10,3,2,4,1,25,1
Dwyane Wade,Cleveland Cavaliers,W,3/20/2013,38:14,4,11,0.364,0,1,0,3,4,0.75,0,6,6,5,0,0,2,3,11,-4
Chris Bosh,Cleveland Cavaliers,W,3/20/2013,35:38,5,10,0.5,0,2,0,1,2,0.5,3,4,7,3,1,2,1,3,11,-18
Mario Chalmers,Cleveland Cavaliers,W,3/20/2013,34:08,5,8,0.625,3,6,0.5,4,5,0.8,0,0,0,2,0,0,4,4,17,-2
Udonis Haslem,Cleveland Cavaliers,W,3/20/2013,13:23,2,3,0.667,0,0,,2,2,1,1,1,2,0,0,0,1,2,6,-8
LeBron James,Detroit Pistons,W,3/22/2013,39:53,12,15,0.8,1,1,1,4,6,0.667,1,7,8,8,2,1,3,1,29,14
Dwyane Wade,Detroit Pistons,W,3/22/2013,37:52,7,17,0.412,1,2,0.5,4,6,0.667,1,2,3,4,3,0,6,1,19,5
Chris Bosh,Detroit Pistons,W,3/22/2013,31:18,1,7,0.143,0,0,,3,6,0.5,0,6,6,1,1,1,3,2,5,6
Mario Chalmers,Detroit Pistons,W,3/22/2013,25:39,3,6,0.5,3,6,0.5,2,2,1,0,1,1,3,4,0,3,2,11,6
Udonis Haslem,Detroit Pistons,W,3/22/2013,17:54,2,3,0.667,0,0,,0,0,,2,5,7,0,1,0,1,2,4,1
LeBron James,Charlotte Bobcats,W,3/24/2013,34:10,11,14,0.786,0,1,0,10,11,0.909,0,8,8,10,3,3,4,0,32,22
Chris Bosh,Charlotte Bobcats,W,3/24/2013,31:21,5,12,0.417,0,1,0,5,6,0.833,1,5,6,1,1,3,0,1,15,5
Mario Chalmers,Charlotte Bobcats,W,3/24/2013,26:25,0,4,0,0,4,0,2,2,1,0,0,0,3,1,1,2,2,2,-1
Mike Miller,Charlotte Bobcats,W,3/24/2013,21:38,2,7,0.286,2,6,0.333,0,0,,0,3,3,4,1,0,0,2,6,-6
Udonis Haslem,Charlotte Bobcats,W,3/24/2013,15:55,0,3,0,0,0,,1,2,0.5,1,4,5,1,1,0,0,0,1,-6
LeBron James,Orlando Magic,W,3/25/2013,38:45,9,16,0.563,0,0,,6,10,0.6,1,8,9,11,1,0,3,2,24,25
Mario Chalmers,Orlando Magic,W,3/25/2013,32:53,4,8,0.5,4,5,0.8,5,5,1,1,3,4,5,3,1,1,1,17,15
Chris Bosh,Orlando Magic,W,3/25/2013,27:10,4,14,0.286,0,0,,4,6,0.667,3,6,9,4,1,1,1,1,12,17
Mike Miller,Orlando Magic,W,3/25/2013,20:29,3,6,0.5,0,2,0,1,2,0.5,0,5,5,1,0,0,2,2,7,-4
Udonis Haslem,Orlando Magic,W,3/25/2013,17:31,3,4,0.75,0,0,,0,0,,5,5,10,2,0,1,0,0,6,-8
LeBron James,Chicago Bulls,L,3/27/2013,39:56,11,17,0.647,2,5,0.4,8,11,0.727,0,7,7,3,2,4,4,1,32,2
Dwyane Wade,Chicago Bulls,L,3/27/2013,37:44,7,13,0.538,0,0,,4,7,0.571,2,5,7,2,4,1,3,3,18,-2
Chris Bosh,Chicago Bulls,L,3/27/2013,35:26,8,17,0.471,1,2,0.5,4,5,0.8,2,2,4,1,1,4,2,0,21,4
Mario Chalmers,Chicago Bulls,L,3/27/2013,29:20,4,10,0.4,1,5,0.2,0,0,,0,3,3,4,1,0,0,3,9,5
Udonis Haslem,Chicago Bulls,L,3/27/2013,10:29,0,1,0,0,0,,0,0,,0,1,1,1,0,0,2,5,0,-1
Dwyane Wade,New Orleans Hornets,W,3/29/2013,32:47,7,11,0.636,0,1,0,3,4,0.75,0,0,0,9,4,1,6,1,17,11
LeBron James,New Orleans Hornets,W,3/29/2013,32:13,13,20,0.65,7,10,0.7,3,5,0.6,0,4,4,6,2,0,3,0,36,19
Udonis Haslem,New Orleans Hornets,W,3/29/2013,22:23,1,4,0.25,0,0,,2,2,1,1,4,5,0,0,0,0,1,4,16
Mike Miller,New Orleans Hornets,W,3/29/2013,22:11,2,5,0.4,1,4,0.25,1,2,0.5,0,6,6,2,1,0,0,2,6,3
Chris Bosh,New Orleans Hornets,W,3/29/2013,21:39,5,8,0.625,0,1,0,0,0,,0,4,4,2,0,1,3,4,10,12
Norris Cole,San Antonio Spurs,W,3/31/2013,42:54,4,12,0.333,0,2,0,5,7,0.714,0,1,1,4,1,0,2,3,13,6
Chris Bosh,San Antonio Spurs,W,3/31/2013,36:39,9,15,0.6,3,5,0.6,2,2,1,1,8,9,3,0,2,2,2,23,5
Rashard Lewis,San Antonio Spurs,W,3/31/2013,30:25,3,11,0.273,1,6,0.167,0,0,,0,3,3,3,1,4,1,2,7,9
Mike Miller,San Antonio Spurs,W,3/31/2013,24:20,4,8,0.5,4,6,0.667,0,0,,0,3,3,5,0,0,0,2,12,7
Udonis Haslem,San Antonio Spurs,W,3/31/2013,20:52,4,7,0.571,0,0,,0,0,,2,5,7,0,0,0,0,2,8,14
Norris Cole,New York Knicks,L,4/2/2013,41:38,6,12,0.5,1,2,0.5,1,2,0.5,0,2,2,3,2,0,7,3,14,-16
Chris Bosh,New York Knicks,L,4/2/2013,39:02,6,13,0.462,1,3,0.333,10,10,1,2,4,6,4,0,0,2,2,23,-4
Mike Miller,New York Knicks,L,4/2/2013,36:35,7,12,0.583,4,8,0.5,0,0,,2,6,8,4,1,2,3,0,18,-6
Rashard Lewis,New York Knicks,L,4/2/2013,27:31,0,2,0,0,0,,0,0,,0,3,3,1,1,1,3,2,0,-10
Udonis Haslem,New York Knicks,L,4/2/2013,20:24,3,4,0.75,0,0,,2,2,1,2,0,2,0,1,0,0,1,8,-9
Chris Bosh,Charlotte Bobcats,W,4/5/2013,37:18,6,14,0.429,1,3,0.333,5,6,0.833,1,7,8,6,1,1,3,2,18,2
Rashard Lewis,Charlotte Bobcats,W,4/5/2013,32:10,5,12,0.417,2,6,0.333,2,2,1,2,3,5,2,1,1,3,1,14,14
Mike Miller,Charlotte Bobcats,W,4/5/2013,30:26,9,15,0.6,7,11,0.636,1,2,0.5,2,3,5,4,0,0,2,1,26,6
Mario Chalmers,Charlotte Bobcats,W,4/5/2013,27:04,1,4,0.25,0,2,0,4,4,1,1,0,1,7,3,0,3,3,6,7
Udonis Haslem,Charlotte Bobcats,W,4/5/2013,18:06,1,2,0.5,0,0,,0,0,,1,6,7,0,0,0,2,3,2,5
LeBron James,Philadephia 76ers,W,4/6/2013,29:42,12,17,0.706,1,2,0.5,2,2,1,0,4,4,5,1,0,1,1,27,22
Mario Chalmers,Philadephia 76ers,W,4/6/2013,23:45,4,10,0.4,3,8,0.375,0,0,,1,2,3,4,0,0,2,1,11,4
Mike Miller,Philadephia 76ers,W,4/6/2013,22:39,1,3,0.333,1,2,0.5,0,0,,1,3,4,3,1,0,2,2,3,8
Udonis Haslem,Philadephia 76ers,W,4/6/2013,17:36,4,9,0.444,0,0,,2,2,1,1,4,5,0,0,1,1,2,10,10
Joel Anthony,Philadephia 76ers,W,4/6/2013,17:21,1,3,0.333,0,0,,0,0,,1,3,4,1,1,0,0,1,2,4
LeBron James,Milwaukee Bucks,W,4/9/2013,30:04,11,16,0.688,0,1,0,6,6,1,1,6,7,7,2,1,3,0,28,21
Mario Chalmers,Milwaukee Bucks,W,4/9/2013,28:39,2,4,0.5,1,3,0.333,0,0,,0,1,1,3,2,0,1,2,5,21
Udonis Haslem,Milwaukee Bucks,W,4/9/2013,23:35,5,10,0.5,0,0,,0,0,,5,10,15,0,0,1,1,2,10,16
Mike Miller,Milwaukee Bucks,W,4/9/2013,21:00,2,7,0.286,1,5,0.2,0,0,,1,3,4,4,0,0,1,0,5,14
Shane Battier,Milwaukee Bucks,W,4/9/2013,20:41,1,5,0.2,1,5,0.2,0,0,,0,0,0,1,2,0,0,2,3,14
Rashard Lewis,Washington Wizards,W,4/10/2013,36:59,5,14,0.357,3,8,0.375,4,4,1,3,2,5,1,0,1,2,3,17,5
Mario Chalmers,Washington Wizards,W,4/10/2013,29:36,5,14,0.357,3,7,0.429,0,0,,1,3,4,8,1,0,4,3,13,6
Shane Battier,Washington Wizards,W,4/10/2013,28:18,5,8,0.625,5,8,0.625,0,0,,1,2,3,1,1,0,1,2,15,5
Mike Miller,Washington Wizards,W,4/10/2013,24:15,5,7,0.714,4,6,0.667,0,0,,0,8,8,1,0,0,6,1,14,1
Joel Anthony,Washington Wizards,W,4/10/2013,21:20,1,3,0.333,0,0,,0,0,,2,4,6,1,0,2,1,1,2,-5
Dwyane Wade,Boston Celtics,W,4/12/2013,34:28,4,12,0.333,0,0,,3,6,0.5,0,7,7,6,2,1,5,2,11,8
Mario Chalmers,Boston Celtics,W,4/12/2013,31:51,3,5,0.6,3,5,0.6,0,0,,0,4,4,3,0,0,0,2,9,-9
LeBron James,Boston Celtics,W,4/12/2013,28:51,8,10,0.8,0,0,,4,4,1,1,5,6,9,0,0,1,1,20,6
Chris Bosh,Boston Celtics,W,4/12/2013,24:46,6,10,0.6,0,0,,5,6,0.833,1,6,7,1,0,0,0,3,17,2
Mike Miller,Boston Celtics,W,4/12/2013,24:00,0,6,0,0,6,0,0,0,,0,1,1,4,1,0,0,0,0,-6
Dwyane Wade,Chicago Bulls,W,4/14/2013,36:37,7,12,0.583,0,0,,8,14,0.571,1,3,4,4,2,2,2,3,22,23
LeBron James,Chicago Bulls,W,4/14/2013,34:51,7,12,0.583,1,1,1,9,12,0.75,0,7,7,6,1,0,3,2,24,8
Mario Chalmers,Chicago Bulls,W,4/14/2013,32:27,5,12,0.417,2,7,0.286,3,4,0.75,0,3,3,5,1,0,1,3,15,11
Chris Bosh,Chicago Bulls,W,4/14/2013,31:08,6,8,0.75,0,1,0,0,0,,0,9,9,2,1,4,2,4,12,9
Mike Miller,Chicago Bulls,W,4/14/2013,29:09,4,6,0.667,3,4,0.75,0,0,,0,6,6,4,2,0,1,4,11,19
Chris Bosh,Boston Celtics,W,10/30/2012,36:57,8,15,0.533,0,1,0,3,4,0.75,2,8,10,1,0,3,1,3,19,15
Mario Chalmers,Boston Celtics,W,10/30/2012,36:29,3,7,0.429,0,1,0,2,2,1,0,1,1,11,3,0,1,3,8,11
Dwyane Wade,Boston Celtics,W,10/30/2012,35:07,10,22,0.455,0,0,,9,11,0.818,2,1,3,4,2,1,4,3,29,-6
Shane Battier,Boston Celtics,W,10/30/2012,29:05,2,4,0.5,2,3,0.667,0,0,,0,2,2,1,1,0,0,3,6,12
LeBron James,Boston Celtics,W,10/30/2012,28:52,10,16,0.625,2,4,0.5,4,5,0.8,1,9,10,3,2,0,0,2,26,12
LeBron James,New York Knicks,L,11/2/2012,36:41,8,16,0.5,2,3,0.667,5,6,0.833,0,7,7,5,0,3,5,2,23,-21
Dwyane Wade,New York Knicks,L,11/2/2012,34:47,7,10,0.7,0,0,,1,1,1,0,5,5,4,0,0,4,2,15,-16
Chris Bosh,New York Knicks,L,11/2/2012,26:46,5,13,0.385,0,1,0,2,2,1,4,7,11,1,1,1,3,1,12,-13
Shane Battier,New York Knicks,L,11/2/2012,24:27,1,3,0.333,0,2,0,0,0,,1,1,2,0,2,1,2,3,2,-20
Mario Chalmers,New York Knicks,L,11/2/2012,19:34,1,5,0.2,0,3,0,1,2,0.5,0,1,1,1,0,0,2,6,3,-10
Chris Bosh,Denver Nuggets,W,11/3/2012,39:23,15,22,0.682,1,3,0.333,9,10,0.9,3,4,7,2,1,0,2,1,40,17
LeBron James,Denver Nuggets,W,11/3/2012,39:12,8,17,0.471,0,1,0,4,4,1,1,8,9,11,0,2,0,2,20,7
Mario Chalmers,Denver Nuggets,W,11/3/2012,34:02,3,7,0.429,0,2,0,3,4,0.75,0,3,3,5,3,1,2,2,9,12
Dwyane Wade,Denver Nuggets,W,11/3/2012,33:48,5,12,0.417,0,1,0,4,6,0.667,1,2,3,4,2,4,1,1,14,7
Shane Battier,Denver Nuggets,W,11/3/2012,21:01,2,5,0.4,2,5,0.4,2,2,1,1,1,2,1,0,0,0,2,8,0
LeBron James,Phoenix Suns,W,11/5/2012,30:11,10,17,0.588,2,3,0.667,1,3,0.333,3,8,11,1,0,0,3,2,23,25
Dwyane Wade,Phoenix Suns,W,11/5/2012,28:21,9,14,0.643,1,1,1,3,3,1,0,3,3,6,2,0,2,3,22,23
Mario Chalmers,Phoenix Suns,W,11/5/2012,28:07,3,5,0.6,3,3,1,0,0,,0,4,4,11,3,1,1,2,9,24
Chris Bosh,Phoenix Suns,W,11/5/2012,25:11,7,10,0.7,0,1,0,4,4,1,0,4,4,2,0,2,0,2,18,19
Shane Battier,Phoenix Suns,W,11/5/2012,23:35,2,6,0.333,1,4,0.25,0,0,,0,5,5,2,1,1,1,1,5,24
Dwyane Wade,Brooklyn Nets,W,11/7/2012,32:04,10,14,0.714,0,1,0,2,2,1,1,1,2,5,1,2,1,2,22,24
LeBron James,Brooklyn Nets,W,11/7/2012,29:59,7,12,0.583,2,3,0.667,4,4,1,4,8,12,8,1,0,2,1,20,18
Mario Chalmers,Brooklyn Nets,W,11/7/2012,26:38,3,7,0.429,1,2,0.5,1,2,0.5,1,5,6,5,1,0,4,2,8,5
Shane Battier,Brooklyn Nets,W,11/7/2012,24:47,3,9,0.333,3,8,0.375,0,0,,0,2,2,0,0,0,0,2,9,13
Chris Bosh,Brooklyn Nets,W,11/7/2012,24:00,2,10,0.2,0,1,0,4,6,0.667,2,2,4,1,3,1,0,2,8,13
Chris Bosh,Atlanta Hawks,W,11/9/2012,37:42,7,13,0.538,0,2,0,10,10,1,3,2,5,2,3,1,2,2,24,7
LeBron James,Atlanta Hawks,W,11/9/2012,35:40,10,17,0.588,0,2,0,1,3,0.333,2,9,11,9,1,0,2,2,21,0
Mike Miller,Atlanta Hawks,W,11/9/2012,30:47,1,4,0.25,1,4,0.25,1,1,1,2,4,6,2,0,0,1,2,4,4
Mario Chalmers,Atlanta Hawks,W,11/9/2012,26:39,5,10,0.5,2,4,0.5,0,0,,0,1,1,3,1,0,0,2,12,0
Shane Battier,Atlanta Hawks,W,11/9/2012,20:20,1,4,0.25,0,2,0,0,0,,0,0,0,0,1,1,1,4,2,5
LeBron James,Memphis Grizzlies,L,11/11/2012,35:43,10,19,0.526,0,1,0,0,4,0,3,7,10,6,2,1,2,2,20,-18
Dwyane Wade,Memphis Grizzlies,L,11/11/2012,33:21,3,15,0.2,0,1,0,2,2,1,4,4,8,3,1,0,1,0,8,-21
Chris Bosh,Memphis Grizzlies,L,11/11/2012,32:59,8,12,0.667,0,0,,6,8,0.75,3,5,8,0,0,0,2,0,22,-20
Mario Chalmers,Memphis Grizzlies,L,11/11/2012,23:12,2,9,0.222,0,2,0,1,3,0.333,0,2,2,3,1,0,0,2,5,-8
Shane Battier,Memphis Grizzlies,L,11/11/2012,16:01,1,3,0.333,1,3,0.333,2,4,0.5,2,0,2,0,0,1,2,4,5,-11
LeBron James,Houston Rockets,W,11/12/2012,39:55,14,26,0.538,5,8,0.625,5,8,0.625,1,9,10,6,0,0,0,1,38,8
Dwyane Wade,Houston Rockets,W,11/12/2012,39:49,8,18,0.444,0,1,0,3,7,0.429,1,5,6,7,1,0,2,2,19,13
Shane Battier,Houston Rockets,W,11/12/2012,34:37,2,3,0.667,2,3,0.667,0,0,,0,0,0,2,1,3,0,4,6,10
Chris Bosh,Houston Rockets,W,11/12/2012,33:45,10,14,0.714,0,0,,4,4,1,4,6,10,3,0,1,3,3,24,11
Mario Chalmers,Houston Rockets,W,11/12/2012,27:00,1,5,0.2,1,3,0.333,1,1,1,0,6,6,5,1,0,2,4,4,2
LeBron James,Los Angeles Clippers,L,11/14/2012,41:13,12,23,0.522,0,3,0,6,9,0.667,0,5,5,7,1,2,4,3,30,-15
Chris Bosh,Los Angeles Clippers,L,11/14/2012,29:49,3,13,0.231,0,0,,5,5,1,4,5,9,1,0,3,0,4,11,-8
Dwyane Wade,Los Angeles Clippers,L,11/14/2012,29:07,2,10,0.2,0,1,0,2,2,1,1,2,3,6,1,0,5,1,6,-15
Mario Chalmers,Los Angeles Clippers,L,11/14/2012,28:25,2,5,0.4,1,4,0.25,0,0,,0,2,2,3,2,0,3,5,5,-7
Shane Battier,Los Angeles Clippers,L,11/14/2012,25:31,3,6,0.5,3,6,0.5,0,0,,0,3,3,0,0,1,1,1,9,-9
LeBron James,Denver Nuggets,W,11/15/2012,41:57,11,23,0.478,0,1,0,5,6,0.833,1,6,7,12,1,3,4,0,27,9
Chris Bosh,Denver Nuggets,W,11/15/2012,35:41,5,10,0.5,0,1,0,4,4,1,1,2,3,0,0,1,2,3,14,10
Shane Battier,Denver Nuggets,W,11/15/2012,32:30,6,7,0.857,6,7,0.857,0,0,,0,3,3,2,1,2,2,3,18,3
Mike Miller,Denver Nuggets,W,11/15/2012,23:45,4,9,0.444,4,8,0.5,0,0,,1,4,5,1,0,0,0,1,12,5
Mario Chalmers,Denver Nuggets,W,11/15/2012,7:13,0,1,0,0,1,0,0,0,,0,0,0,3,1,0,0,1,0,6
LeBron James,Phoenix Suns,W,11/17/2012,40:43,8,20,0.4,1,3,0.333,4,7,0.571,0,7,7,3,2,0,1,1,21,20
Chris Bosh,Phoenix Suns,W,11/17/2012,37:19,9,11,0.818,0,0,,6,9,0.667,0,9,9,3,1,2,5,4,24,9
Shane Battier,Phoenix Suns,W,11/17/2012,33:59,4,8,0.5,4,8,0.5,0,0,,0,2,2,1,0,1,0,2,12,26
Mario Chalmers,Phoenix Suns,W,11/17/2012,31:25,5,7,0.714,1,2,0.5,0,0,,0,2,2,3,3,0,2,4,11,12
Mike Miller,Phoenix Suns,W,11/17/2012,23:44,4,8,0.5,1,3,0.333,0,0,,1,4,5,5,1,0,1,1,9,23
Chris Bosh,Milwaukee Bucks,W,11/21/2012,42:49,9,14,0.643,1,2,0.5,5,6,0.833,3,15,18,1,1,1,5,4,24,8
LeBron James,Milwaukee Bucks,W,11/21/2012,42:32,11,21,0.524,2,4,0.5,4,8,0.5,2,8,10,8,1,1,1,3,28,5
Shane Battier,Milwaukee Bucks,W,11/21/2012,38:06,0,4,0,0,3,0,0,0,,2,5,7,0,0,2,1,1,0,8
Dwyane Wade,Milwaukee Bucks,W,11/21/2012,37:46,11,21,0.524,0,0,,6,8,0.75,1,2,3,4,2,0,2,0,28,6
Mario Chalmers,Milwaukee Bucks,W,11/21/2012,21:58,3,7,0.429,1,2,0.5,2,4,0.5,0,3,3,4,0,0,4,0,9,-2
LeBron James,Cleveland Cavaliers,W,11/24/2012,39:58,10,16,0.625,2,5,0.4,8,9,0.889,1,5,6,5,0,1,7,3,30,7
Chris Bosh,Cleveland Cavaliers,W,11/24/2012,36:43,6,11,0.545,0,0,,11,13,0.846,3,4,7,1,0,1,1,2,23,8
Dwyane Wade,Cleveland Cavaliers,W,11/24/2012,34:15,6,15,0.4,0,0,,6,10,0.6,1,6,7,4,1,2,4,5,18,9
Mario Chalmers,Cleveland Cavaliers,W,11/24/2012,32:31,1,3,0.333,0,1,0,2,2,1,1,3,4,3,3,0,1,2,4,13
Shane Battier,Cleveland Cavaliers,W,11/24/2012,21:07,3,5,0.6,3,5,0.6,0,0,,0,2,2,1,1,0,0,3,9,2
LeBron James,San Antonio Spurs,W,11/29/2012,39:06,9,16,0.563,2,5,0.4,3,6,0.5,3,6,9,7,4,0,4,2,23,-1
Chris Bosh,San Antonio Spurs,W,11/29/2012,36:44,8,14,0.571,0,0,,2,2,1,3,9,12,1,0,1,0,3,18,18
Dwyane Wade,San Antonio Spurs,W,11/29/2012,32:21,7,17,0.412,0,0,,5,5,1,0,5,5,5,1,0,1,1,19,14
Mario Chalmers,San Antonio Spurs,W,11/29/2012,27:03,3,8,0.375,1,2,0.5,1,1,1,0,1,1,4,2,1,1,3,8,12
Rashard Lewis,San Antonio Spurs,W,11/29/2012,20:55,1,1,1,1,1,1,0,0,,0,3,3,1,0,0,1,0,3,-6
LeBron James,Brooklyn Nets,W,12/1/2012,36:57,8,15,0.533,1,2,0.5,4,6,0.667,1,8,9,6,1,0,2,3,21,14
Dwyane Wade,Brooklyn Nets,W,12/1/2012,34:13,14,20,0.7,1,3,0.333,5,6,0.833,1,0,1,7,1,0,0,1,34,12
Chris Bosh,Brooklyn Nets,W,12/1/2012,30:09,2,7,0.286,0,0,,4,4,1,0,2,2,1,0,3,3,2,8,-5
Mario Chalmers,Brooklyn Nets,W,12/1/2012,17:55,3,8,0.375,1,4,0.25,0,0,,1,5,6,1,3,0,3,2,7,-2
Rashard Lewis,Brooklyn Nets,W,12/1/2012,14:07,1,4,0.25,0,3,0,0,0,,0,1,1,0,0,0,0,1,2,-7
LeBron James,Washington Wizards,L,12/4/2012,42:53,12,24,0.5,1,4,0.25,1,3,0.333,2,11,13,11,3,2,3,1,26,-3
Chris Bosh,Washington Wizards,L,12/4/2012,35:36,8,11,0.727,1,2,0.5,3,4,0.75,3,9,12,4,0,0,1,2,20,-4
Dwyane Wade,Washington Wizards,L,12/4/2012,34:14,9,19,0.474,0,1,0,6,7,0.857,1,1,2,3,2,0,1,3,24,-6
Rashard Lewis,Washington Wizards,L,12/4/2012,14:34,0,1,0,0,1,0,0,0,,1,1,2,2,0,0,1,1,0,-5
Mario Chalmers,Washington Wizards,L,12/4/2012,10:09,0,2,0,0,2,0,0,0,,0,0,0,4,1,0,0,2,0,-1
LeBron James,New York Knicks,L,12/6/2012,38:35,11,20,0.55,3,5,0.6,6,9,0.667,2,8,10,9,3,0,2,0,31,-17
Dwyane Wade,New York Knicks,L,12/6/2012,31:43,3,13,0.231,1,2,0.5,6,6,1,0,3,3,1,0,0,4,1,13,-33
Chris Bosh,New York Knicks,L,12/6/2012,29:34,3,12,0.25,0,0,,6,6,1,1,5,6,1,1,2,1,3,12,-21
Udonis Haslem,New York Knicks,L,12/6/2012,21:42,5,6,0.833,0,0,,0,0,,2,5,7,0,0,0,2,0,10,-15
Mario Chalmers,New York Knicks,L,12/6/2012,16:57,2,5,0.4,0,2,0,3,4,0.75,0,2,2,1,0,0,1,4,7,-2
LeBron James,New Orleans Hornets,W,12/8/2012,35:55,11,16,0.688,0,0,,2,3,0.667,1,4,5,7,2,0,4,2,24,10
Chris Bosh,New Orleans Hornets,W,12/8/2012,34:05,4,11,0.364,0,0,,5,6,0.833,1,5,6,2,0,3,2,3,13,6
Dwyane Wade,New Orleans Hornets,W,12/8/2012,32:23,9,12,0.75,0,0,,8,9,0.889,0,2,2,3,1,0,2,1,26,7
Mario Chalmers,New Orleans Hornets,W,12/8/2012,24:19,2,6,0.333,2,3,0.667,0,0,,0,4,4,3,2,0,3,3,6,3
Udonis Haslem,New Orleans Hornets,W,12/8/2012,13:52,1,2,0.5,0,0,,0,0,,0,2,2,1,2,0,0,2,2,-11
LeBron James,Atlanta Hawks,W,12/10/2012,40:21,10,16,0.625,1,2,0.5,6,7,0.857,1,6,7,6,2,0,3,0,27,12
Dwyane Wade,Atlanta Hawks,W,12/10/2012,34:24,11,13,0.846,1,1,1,3,6,0.5,0,4,4,3,0,0,4,4,26,4
Chris Bosh,Atlanta Hawks,W,12/10/2012,32:25,6,11,0.545,0,0,,2,6,0.333,0,10,10,2,1,0,2,2,14,0
Mario Chalmers,Atlanta Hawks,W,12/10/2012,23:52,1,3,0.333,0,2,0,2,2,1,0,0,0,4,2,0,2,1,4,9
Rashard Lewis,Atlanta Hawks,W,12/10/2012,13:54,1,3,0.333,1,3,0.333,0,0,,0,2,2,0,0,0,0,2,3,1
LeBron James,Golden State Warriors,L,12/12/2012,42:21,12,23,0.522,2,4,0.5,5,5,1,1,2,3,5,1,0,4,0,31,-3
Chris Bosh,Golden State Warriors,L,12/12/2012,37:42,9,14,0.643,1,2,0.5,2,4,0.5,3,10,13,1,1,2,2,3,21,-1
Dwyane Wade,Golden State Warriors,L,12/12/2012,29:11,5,11,0.455,0,0,,4,5,0.8,0,4,4,5,3,0,5,2,14,-7
Mario Chalmers,Golden State Warriors,L,12/12/2012,23:54,3,8,0.375,2,4,0.5,0,0,,1,1,2,1,1,0,3,4,8,-6
Udonis Haslem,Golden State Warriors,L,12/12/2012,15:24,1,3,0.333,0,0,,0,0,,1,3,4,0,0,1,0,1,2,-4
Mario Chalmers,Washington Wizards,W,12/15/2012,31:40,4,8,0.5,1,4,0.25,0,0,,0,5,5,3,0,0,3,1,9,32
LeBron James,Washington Wizards,W,12/15/2012,30:33,8,15,0.533,0,3,0,7,11,0.636,0,10,10,5,1,0,2,0,23,36
Dwyane Wade,Washington Wizards,W,12/15/2012,26:29,5,8,0.625,0,0,,3,4,0.75,0,3,3,6,2,0,1,2,13,28
Chris Bosh,Washington Wizards,W,12/15/2012,26:10,5,7,0.714,0,2,0,2,2,1,2,3,5,3,1,0,2,2,12,21
Udonis Haslem,Washington Wizards,W,12/15/2012,23:55,6,7,0.857,0,0,,1,2,0.5,3,4,7,1,2,0,0,2,13,30
LeBron James,Minnesota Timberwolves,W,12/18/2012,41:59,8,18,0.444,2,5,0.4,4,5,0.8,0,6,6,11,1,4,0,0,22,12
Dwyane Wade,Minnesota Timberwolves,W,12/18/2012,27:11,8,14,0.571,0,0,,8,11,0.727,2,1,3,4,2,2,1,2,24,16
Chris Bosh,Minnesota Timberwolves,W,12/18/2012,27:09,6,10,0.6,1,1,1,2,3,0.667,2,1,3,1,1,2,3,3,15,8
Mario Chalmers,Minnesota Timberwolves,W,12/18/2012,22:59,4,7,0.571,4,6,0.667,0,0,,0,0,0,0,3,1,1,2,12,10
Udonis Haslem,Minnesota Timberwolves,W,12/18/2012,18:07,0,2,0,0,0,,0,0,,0,0,0,1,0,0,0,3,0,3
Chris Bosh,Dallas Mavericks,W,12/20/2012,34:44,8,14,0.571,0,1,0,1,1,1,1,6,7,4,3,1,1,3,17,31
LeBron James,Dallas Mavericks,W,12/20/2012,30:55,9,13,0.692,3,5,0.6,3,4,0.75,0,9,9,5,1,1,5,0,24,25
Mario Chalmers,Dallas Mavericks,W,12/20/2012,27:15,1,2,0.5,0,1,0,2,2,1,0,1,1,5,3,1,3,3,4,22
Dwyane Wade,Dallas Mavericks,W,12/20/2012,26:14,7,13,0.538,1,3,0.333,4,4,1,2,3,5,6,0,1,3,1,19,40
Udonis Haslem,Dallas Mavericks,W,12/20/2012,16:44,1,3,0.333,0,0,,3,4,0.75,0,7,7,1,1,0,0,0,5,26
LeBron James,Utah Jazz,W,12/22/2012,37:30,11,20,0.55,1,1,1,7,10,0.7,1,8,9,7,0,0,4,0,30,14
Dwyane Wade,Utah Jazz,W,12/22/2012,34:17,8,14,0.571,0,2,0,5,6,0.833,1,6,7,7,2,0,4,2,21,15
Shane Battier,Utah Jazz,W,12/22/2012,33:58,4,8,0.5,4,8,0.5,3,3,1,0,3,3,1,1,3,0,1,15,28
Udonis Haslem,Utah Jazz,W,12/22/2012,30:26,3,6,0.5,0,0,,0,0,,0,9,9,2,1,1,0,4,6,19
Mario Chalmers,Utah Jazz,W,12/22/2012,26:21,2,5,0.4,1,4,0.25,0,0,,1,1,2,1,1,0,2,1,5,18
LeBron James,Oklahoma City Thunder,W,12/25/2012,41:52,12,20,0.6,0,3,0,5,5,1,3,5,8,9,2,1,3,3,29,13
Dwyane Wade,Oklahoma City Thunder,W,12/25/2012,38:22,8,17,0.471,1,3,0.333,4,4,1,2,3,5,3,0,0,5,3,21,10
Mario Chalmers,Oklahoma City Thunder,W,12/25/2012,37:27,8,14,0.571,4,8,0.5,0,0,,0,3,3,2,1,1,0,3,20,9
Chris Bosh,Oklahoma City Thunder,W,12/25/2012,30:36,6,11,0.545,0,2,0,4,4,1,2,4,6,2,0,0,2,3,16,-1
Udonis Haslem,Oklahoma City Thunder,W,12/25/2012,16:21,1,2,0.5,0,0,,0,0,,0,2,2,0,1,0,0,3,2,0
LeBron James,Charlotte Bobcats,W,12/26/2012,38:35,9,19,0.474,2,4,0.5,7,8,0.875,2,10,12,8,4,2,3,1,27,12
Dwyane Wade,Charlotte Bobcats,W,12/26/2012,36:38,10,19,0.526,1,1,1,8,10,0.8,2,7,9,5,1,1,3,3,29,19
Mario Chalmers,Charlotte Bobcats,W,12/26/2012,34:02,5,10,0.5,4,6,0.667,3,4,0.75,0,1,1,4,2,0,0,2,17,18
Chris Bosh,Charlotte Bobcats,W,12/26/2012,29:33,6,12,0.5,1,1,1,1,3,0.333,2,1,3,1,1,0,4,5,14,6
Udonis Haslem,Charlotte Bobcats,W,12/26/2012,26:41,0,4,0,0,0,,0,0,,1,5,6,0,0,0,1,3,0,22
LeBron James,Detroit Pistons,L,12/28/2012,44:19,15,22,0.682,2,4,0.5,3,4,0.75,1,5,6,5,6,1,3,1,35,-2
Chris Bosh,Detroit Pistons,L,12/28/2012,39:32,11,17,0.647,0,1,0,6,6,1,4,5,9,1,0,3,4,3,28,-8
Mario Chalmers,Detroit Pistons,L,12/28/2012,28:43,1,6,0.167,1,6,0.167,1,2,0.5,1,1,2,4,0,0,1,3,4,2
Mike Miller,Detroit Pistons,L,12/28/2012,23:10,2,6,0.333,1,5,0.2,0,0,,1,3,4,1,0,0,1,2,5,-8
Udonis Haslem,Detroit Pistons,L,12/28/2012,20:29,3,5,0.6,0,0,,1,2,0.5,1,1,2,1,0,1,1,3,7,-3
LeBron James,Milwaukee Bucks,L,12/29/2012,36:29,11,20,0.55,1,2,0.5,3,5,0.6,1,5,6,7,2,1,6,2,26,-8
Dwyane Wade,Milwaukee Bucks,L,12/29/2012,34:49,10,19,0.526,0,0,,4,7,0.571,1,5,6,4,0,0,3,1,24,-13
Chris Bosh,Milwaukee Bucks,L,12/29/2012,34:01,5,14,0.357,0,0,,2,2,1,8,8,16,2,0,0,2,2,12,-23
Shane Battier,Milwaukee Bucks,L,12/29/2012,28:19,1,4,0.25,1,3,0.333,0,0,,1,3,4,0,0,2,0,2,3,-1
Mario Chalmers,Milwaukee Bucks,L,12/29/2012,28:08,1,5,0.2,1,3,0.333,2,4,0.5,0,2,2,3,1,0,2,3,5,-7
LeBron James,Orlando Magic,W,12/31/2012,47:53,10,22,0.455,1,6,0.167,15,16,0.938,1,7,8,11,1,0,3,2,36,4
Dwyane Wade,Orlando Magic,W,12/31/2012,39:52,9,20,0.45,0,2,0,3,10,0.3,2,4,6,3,2,1,3,1,21,-14
Chris Bosh,Orlando Magic,W,12/31/2012,38:19,10,15,0.667,0,0,,2,2,1,1,3,4,1,1,0,0,1,22,-9
Mario Chalmers,Orlando Magic,W,12/31/2012,26:08,1,3,0.333,1,3,0.333,0,0,,0,1,1,4,0,0,0,1,3,-6
Udonis Haslem,Orlando Magic,W,12/31/2012,16:58,1,3,0.333,0,0,,0,0,,0,6,6,0,0,0,0,4,2,1
